city,gender,total_spend,percentage_contribution
"Laharpur, India",M,633266.0,66.503959
"Padrauna, India",F,1048342.0,83.11151
"Naugawan Sadat, India",M,726513.0,58.821057
"Pihani, India",M,819489.0,73.951623
"Salaya, India",M,68123.0,26.169247
"Changanassery, India",M,30074.0,100.0
"Tharad, India",M,1010144.0,60.09353
"Mahalingapura, India",M,79643.0,13.77306
"Jammu, India",F,865024.0,47.743848
"Shikaripur, India",F,534150.0,59.838079
"Lar, India",F,291559.0,62.507021
"Mandamarri, India",F,87618.0,66.260313
"Sadasivpet, India",M,716729.0,73.45868
"Port Blair, India",M,668031.0,60.108838
"Panna, India",M,89751.0,58.912606
"Raghunathganj, India",F,177517.0,63.340564
"Gudivada, India",M,1015533.0,100.0
"Virudhunagar, India",F,493244.0,100.0
"Nalbari, India",F,6407.0,6.721498
"Dumraon, India",M,766259.0,68.608883
"Rajampet, India",M,930260.0,62.607513
"Pithapuram, India",F,1078563.0,73.559635
"Theni Allinagaram, India",F,442982.0,51.696001
"Musabani, India",F,746267.0,64.931176
"Narsipatnam, India",M,520159.0,91.040502
"Sherghati, India",F,232626.0,100.0
"Peringathur, India",M,271990.0,55.004368
"Vellore, India",M,256179.0,100.0
"Srikalahasti, India",M,512633.0,100.0
"Nagaon, India",F,628294.0,65.518816
"Sira, India",F,483124.0,62.03696
"Savarkundla, India",M,234962.0,47.652868
"Adoor, India",M,330288.0,50.99201
"Raiganj, India",F,257216.0,57.423642
"Vadnagar, India",F,448692.0,79.536845
"Kashipur, India",M,844453.0,82.890034
"Tuensang, India",F,46694.0,26.25589
"Gooty, India",F,249570.0,49.158338
"Nanpara, India",M,264598.0,25.158525
"Hardwar, India",F,392057.0,41.204661
"Solapur, India",F,59018.0,45.492245
"Udhagamandalam, India",M,772116.0,74.544113
"Khair, India",M,616627.0,41.597991
"Virudhachalam, India",F,303756.0,53.816225
"Chikkamagaluru, India",F,427124.0,100.0
"Sanand, India",F,891860.0,59.004688
"Sambhal, India",F,903979.0,80.250326
"Shoranur, India",F,484558.0,67.745904
"Thirumangalam, India",M,510500.0,47.769568
"Kakinada, India",M,502365.0,53.45844
"Tohana, India",M,614362.0,59.545857
"Bellampalle, India",F,718902.0,72.366297
"Vijainagar Ajmer, India",F,123476.0,22.936775
"Baharampur, India",F,102646.0,9.601267
"Ankleshwar, India",F,152070.0,22.199027
"Zaidpur, India",M,544965.0,75.290335
"Noorpur, India",M,705939.0,66.31225
"Dumka, India",M,569999.0,64.403901
"Mandvi, India",F,1015628.0,55.809899
"Mehkar, India",F,478855.0,53.713524
"Perumbavoor, India",F,425778.0,70.140023
"Nizamabad, India",F,323891.0,51.620291
"Jharsuguda, India",M,26412.0,10.351152
"Neyveli (TS), India",M,420509.0,38.341861
"Nowgong, India",F,549266.0,87.751143
"Talcher, India",F,983411.0,79.509703
"Palasa Kasibugga, India",M,520558.0,30.854152
"Baleshwar Town, India",M,783954.0,78.026879
"Rajahmundry, India",F,187527.0,16.750765
"Yanam, India",M,863455.0,58.165681
"Vaniyambadi, India",M,175194.0,37.030993
"Parli, India",F,704626.0,67.971118
"Sanduru, India",M,341571.0,44.002365
"Ranebennuru, India",M,194570.0,80.15308
"Yemmiganur, India",F,135549.0,36.939063
"Murtijapur, India",M,525560.0,43.530874
"Ponnur, India",F,186073.0,19.501747
"Amalner, India",F,727200.0,100.0
"Sathyamangalam, India",F,79715.0,17.194372
"Malerkotla, India",M,159270.0,19.216661
"Morvi, India",M,116510.0,26.13281
"Raayachuru, India",M,463027.0,40.228166
"Phusro, India",M,323124.0,61.784091
"Bhilai Nagar, India",F,702588.0,69.824144
"Begusarai, India",M,382544.0,73.232242
"Thoubal, India",M,574856.0,56.869757
"Manuguru, India",F,224343.0,42.335897
"Tundla, India",M,193894.0,36.514052
"Titlagarh, India",F,4675.0,0.752876
"Shirur, India",F,439086.0,47.137165
"Palladam, India",M,755145.0,92.058633
"Orai, India",M,880412.0,74.86191
"Jaipur, India",M,53409336.0,48.057267
"Narayanpet, India",M,540631.0,62.870941
"Hajipur, India",F,626698.0,39.481341
"Viramgam, India",M,919982.0,46.708888
"Amravati, India",F,993020.0,88.951034
"Ranchi, India",M,447916.0,72.302591
"Vadodara, India",F,404815.0,54.563528
"Vandavasi, India",F,104379.0,35.585003
"Bhagalpur, India",F,415201.0,65.723294
"Robertsganj, India",M,1281780.0,81.562034
"Firozabad, India",M,549864.0,77.864787
"Pilibhit, India",F,441502.0,86.144042
"Malpura, India",M,913344.0,69.137312
"Navsari, India",M,321255.0,25.207027
"Dhoraji, India",M,5159.0,2.038155
"Haldwani-cum-Kathgodam, India",F,713392.0,59.253303
"Nargund, India",F,592116.0,100.0
"Jangaon, India",F,1206850.0,100.0
"Malavalli, India",M,36885.0,7.704486
"Mavoor, India",F,277935.0,59.290649
"Rudrapur, India",F,1295892.0,82.323547
"Noida, India",F,156209.0,33.729557
"Paradip, India",F,261358.0,100.0
"Shillong, India",M,329615.0,69.366199
"Thakurdwara, India",F,681551.0,70.186146
"Mahesana, India",M,330007.0,22.640762
"Sirkali, India",F,290976.0,54.941664
"Sugauli, India",M,135585.0,23.935325
"Naugachhia, India",M,703140.0,77.626493
"Hapur, India",F,638247.0,67.615136
"Suar, India",F,646948.0,75.12579
"Mahuva, India",F,344231.0,32.143664
"Karimnagar, India",M,380657.0,77.071674
"Punganur, India",F,185819.0,60.113226
"Nongstoin, India",F,173134.0,49.384033
"Shahbad, India",F,399957.0,36.511215
"Tirukkoyilur, India",F,415303.0,49.31994
"Eluru, India",M,292945.0,51.720058
"Pandharpur, India",M,464930.0,29.221087
"Siwan, India",M,896495.0,79.33226
"Vaijapur, India",M,370745.0,58.759247
"Nakodar, India",F,205582.0,61.871971
"Vizianagaram, India",M,394736.0,64.451744
"Manglaur, India",F,352616.0,43.949491
"Bhadrak, India",F,636679.0,34.693283
"Visnagar, India",F,224448.0,24.160562
"Sankarankoil, India",M,493293.0,37.559103
"Puttur, India",F,771575.0,42.954121
"Lakshmeshwar, India",M,272867.0,26.428615
"Shirdi, India",F,503342.0,35.729156
"Jhansi, India",M,1201679.0,56.881816
"Medinipur, India",M,497484.0,46.978678
"Shikohabad, India",M,1461122.0,75.61213
"Sainthia, India",M,560108.0,46.25853
"Rampura Phul, India",F,210269.0,61.903542
"Madanapalle, India",M,504103.0,75.577774
"Kalimpong, India",M,576649.0,75.380727
"Wadi, India",F,410918.0,44.825885
"Jehanabad, India",M,271848.0,45.356682
"Munger, India",F,287717.0,36.184673
"Wadhwan, India",M,194091.0,59.034777
"Tiruchendur, India",M,145363.0,10.065943
"Rajkot, India",F,554159.0,56.654827
"Ramganj Mandi, India",F,679827.0,44.876209
"Ranavav, India",M,507348.0,40.745312
"Nohar, India",M,425578.0,71.312734
"Aruppukkottai, India",F,280721.0,33.639303
"Vedaranyam, India",M,1044231.0,91.708858
"Pilkhuwa, India",F,441556.0,51.451409
"Sankari, India",F,1678670.0,94.024174
"Rasipuram, India",F,237502.0,59.540277
"Rupnagar, India",M,417175.0,78.943434
"Vyara, India",F,844490.0,59.323611
"Shrigonda, India",F,364310.0,31.437499
"Rath, India",M,647793.0,52.135208
"Nirmal, India",M,376222.0,55.922503
"Valsad, India",M,411084.0,79.682266
"Makhdumpur, India",F,679649.0,53.388126
"Kohima, India",M,362307.0,38.375507
"Gadwal, India",F,124848.0,17.508814
"Mandya, India",F,328124.0,58.349856
"Sujangarh, India",F,781197.0,53.785036
"Nagda, India",M,409960.0,47.362626
"Pulgaon, India",F,640863.0,71.872217
"Tiruchirappalli, India",M,307991.0,40.521399
"Nidadavole, India",F,720200.0,51.144175
"Alipurduar, India",F,438232.0,37.433138
"Dibrugarh, India",F,161448.0,14.294859
"Jhargram, India",F,499531.0,40.552897
"Faridkot, India",F,199089.0,27.040326
"Safidon, India",F,26411.0,10.124355
"Bathinda, India",F,930780.0,33.631195
"Attingal, India",M,140430.0,100.0
"Pusad, India",M,482584.0,53.687852
"Tonk, India",F,211514.0,83.242422
"Talode, India",F,495960.0,56.535056
"Umarkhed, India",M,455552.0,61.437873
"Guntakal, India",M,163663.0,72.775984
"Bhainsa, India",F,422272.0,43.1452
"Phagwara, India",F,107822.0,8.580817
"Phaltan, India",F,480802.0,82.01859
"Kanhangad, India",F,227071.0,45.952859
"Sardarshahar, India",M,623375.0,93.66595
"Paravoor, India",F,936531.0,57.688128
"Jagtial, India",F,904531.0,78.016087
"Chaibasa, India",F,383964.0,57.841235
"Oddanchatram, India",F,1018867.0,70.561539
"Taki, India",M,256306.0,100.0
"Muzaffarpur, India",F,419898.0,38.726832
"Ramnagar, India",F,1558936.0,63.665927
"Nellikuppam, India",M,392740.0,41.496204
"Kanpur, India",M,54538307.0,47.685628
"Rayachoti, India",F,83818.0,16.103362
"Hindupur, India",F,214362.0,19.374063
"Bheemunipatnam, India",M,381518.0,32.586874
"Sangole, India",M,125933.0,29.899545
"Sunabeda, India",F,1235242.0,56.245076
"Sherkot, India",F,325649.0,29.812027
"Nanjangud, India",F,419742.0,61.628974
"Raigarh, India",F,1129769.0,61.77858
"Bongaigaon City, India",F,487156.0,49.601482
"Achalpur, India",F,860976.0,53.588573
"Tiruchengode, India",F,440269.0,47.575149
"Lalitpur, India",F,848581.0,100.0
"Tikamgarh, India",M,610341.0,66.174968
"Sircilla, India",F,373825.0,34.534699
"Itarsi, India",M,64561.0,7.149121
"Salem, India",F,80130.0,11.173425
"Murwara (Katni), India",M,160781.0,29.810252
"Sagar, India",M,686695.0,42.293003
"Talegaon Dabhade, India",M,768082.0,75.270794
"Rampur, India",M,516435.0,43.256896
"Sihor, India",M,351770.0,42.739757
"Bobbili, India",F,111078.0,22.569397
"Revelganj, India",F,267723.0,20.134756
"English Bazar, India",M,61694.0,11.811352
"Sultanpur, India",F,9395.0,2.531232
"Chalakudy, India",M,227457.0,40.054202
"Khambhat, India",F,702256.0,72.770229
"Sivakasi, India",M,619011.0,42.465376
"Sandila, India",F,447480.0,100.0
"Arrah, India",M,312418.0,63.699885
"Kolkata, India",F,53209239.0,46.081794
"Jagraon, India",M,740473.0,47.726357
"Vasai-Virar, India",M,182899.0,18.087196
"Maihar, India",F,945189.0,50.909454
"Nasirabad, India",M,924430.0,56.495279
"Bhubaneswar, India",M,699280.0,100.0
"Padra, India",F,593417.0,37.730091
"Madhugiri, India",M,796637.0,91.760061
"Gohana, India",M,13635.0,2.644604
"Radhanpur, India",F,690338.0,50.96468
"Kannur, India",M,136068.0,13.547205
"Ramganj Mandi, India",M,835067.0,55.12379
"Safidon, India",M,234455.0,89.875644
"Malappuram, India",M,120440.0,26.015206
"Mainaguri, India",M,583989.0,53.267726
"Nidadavole, India",M,687976.0,48.855824
"Sedam, India",F,681309.0,67.614192
"Sultanganj, India",M,546751.0,39.658807
"Dimapur, India",M,755580.0,59.404679
"Dalli-Rajhara, India",M,1084237.0,58.322382
"Jamnagar, India",M,1099233.0,78.459143
"Visnagar, India",M,704537.0,75.839437
"Bhimavaram, India",F,200793.0,46.342442
"Puttur, India",M,1024702.0,57.045878
"Shahpur, India",F,100911.0,25.956211
"Chandigarh, India",F,296595.0,68.61924
"Koyilandy, India",M,556177.0,40.516242
"Vyara, India",M,579041.0,40.676388
"Palanpur, India",M,396162.0,31.988069
"Vidisha, India",F,240061.0,45.746904
"Kyathampalle, India",M,525264.0,83.524255
"Mandya, India",M,234215.0,41.650143
"Shrigonda, India",M,794529.0,68.5625
"Valsad, India",F,104820.0,20.317733
"Sultanpur, India",M,361768.0,97.468767
"Rajpipla, India",F,189449.0,26.41144
"Uchgaon, India",M,350102.0,57.988869
"Rawatbhata, India",F,387257.0,42.291785
"Pandharpur, India",F,1126147.0,70.778912
"Mahasamund, India",M,1208391.0,68.089682
"Uran Islampur, India",F,27557.0,13.180752
"Mandapeta, India",M,736697.0,100.0
"Satana, India",F,473304.0,48.356377
"Gangarampur, India",M,907327.0,72.435205
"Rajkot, India",M,423973.0,43.345172
"Pithoragarh, India",F,593949.0,48.303027
"Chirkunda, India",F,246475.0,50.034002
"Malkapur, India",F,496548.0,100.0
"Balangir, India",F,172504.0,40.030817
"Patan, India",M,189648.0,35.773664
"Mokokchung, India",M,1319306.0,69.937802
"Alipurduar, India",M,732474.0,62.566861
"Munger, India",M,507418.0,63.815326
"Margao, India",F,369098.0,17.900512
"Narkatiaganj, India",F,267021.0,38.493175
"Puliyankudi, India",M,942307.0,45.807789
"Purna, India",F,332025.0,47.395783
"Pattukkottai, India",F,1039859.0,95.085167
"Shahpura, India",F,131557.0,11.38052
"Gadwal, India",M,588210.0,82.491185
"Balaghat, India",M,636122.0,82.601553
"Najibabad, India",F,598169.0,79.864482
"Ambikapur, India",F,687416.0,91.222221
"Rayachoti, India",M,436682.0,83.896637
"Kanhangad, India",M,267068.0,54.04714
"Dharmanagar, India",M,666385.0,66.254159
"Naila Janjgir, India",F,634282.0,40.675346
"Mohali, India",F,352918.0,20.85296
"Asansol, India",M,562762.0,51.06608
"Byasanagar, India",M,354241.0,35.520075
"Porbandar, India",M,776545.0,60.856566
"Faridabad, India",F,452632.0,56.057177
"Tarn Taran, India",F,113868.0,13.006662
"Sambhal, India",M,222470.0,19.749673
"Gurdaspur, India",M,405490.0,54.07997
"Shirur, India",M,492421.0,52.862834
"Pulgaon, India",M,250807.0,28.127782
"Rudrapur, India",M,278253.0,17.676452
"Nagercoil, India",F,694389.0,54.221775
"Khammam, India",M,331434.0,57.300678
"Kandukur, India",M,374361.0,48.076359
"Veraval, India",M,49402.0,16.701714
"Sangaria, India",F,373547.0,64.50809
"Thiruvananthapuram, India",M,443232.0,36.94616
"Barpeta, India",M,559091.0,59.0466
"Afzalpur, India",M,139533.0,16.134526
"Tasgaon, India",F,441885.0,32.685687
"Darjiling, India",F,859471.0,100.0
"Pali, India",M,192143.0,25.645738
"Nanpara, India",F,787125.0,74.841474
"Sangli, India",M,398791.0,59.044721
"Bhagalpur, India",M,216540.0,34.276705
"Titlagarh, India",M,616277.0,99.247123
"Sikandrabad, India",F,419431.0,52.647559
"Hajipur, India",M,960629.0,60.518658
"Amravati, India",M,123347.0,11.048965
"Phalodi, India",F,1038003.0,59.90927
"Pipar City, India",F,685418.0,41.854878
"Warangal, India",M,683345.0,100.0
"Perinthalmanna, India",F,312267.0,57.877489
"Jehanabad, India",F,327508.0,54.643317
"Ponnur, India",M,768062.0,80.498252
"Yemmiganur, India",M,231404.0,63.060936
"Kunnamkulam, India",M,540379.0,42.019323
"Baramula, India",F,858243.0,47.868075
"Udumalaipettai, India",F,579211.0,53.585546
"Naidupet, India",F,826379.0,73.408472
"Nawanshahr, India",M,862159.0,62.9656
"Srivilliputhur, India",M,1033232.0,57.914936
"Shujalpur, India",M,425374.0,67.963712
"Bhongir, India",M,938235.0,65.819389
"Jammu, India",M,946778.0,52.256151
"Kancheepuram, India",F,227098.0,40.381736
"Salaya, India",F,192194.0,73.830752
"Mahuva, India",M,726683.0,67.856335
"Thrissur, India",M,473663.0,42.076972
"Hazaribag, India",F,498344.0,67.741352
"Haldwani-cum-Kathgodam, India",M,490578.0,40.746696
"Mudhol, India",F,301910.0,36.820852
"Unnao, India",F,251590.0,45.422868
"Brahmapur, India",M,336934.0,62.495525
"Nongstoin, India",M,177453.0,50.615966
"Suar, India",M,214205.0,24.874209
"Navsari, India",F,953211.0,74.792972
"Tanda, India",F,503121.0,53.053535
"Sirkali, India",M,238633.0,45.058335
"Kothagudem, India",M,163997.0,27.742309
"Sikar, India",M,57059.0,24.619334
"Mandi, India",M,331384.0,38.447633
"Upleta, India",F,514844.0,49.825316
"Jalandhar Cantt., India",M,256052.0,31.618267
"Chirala, India",M,666342.0,79.740127
"Nathdwara, India",M,248349.0,96.87094
"Kapurthala, India",F,1230263.0,77.700641
"Kolkata, India",M,62257704.0,53.918205
"Terdal, India",F,498901.0,100.0
"Savarkundla, India",F,258108.0,52.347131
"Padrauna, India",M,213026.0,16.888489
"Raxaul Bazar, India",F,604555.0,100.0
"Mysore, India",F,541177.0,98.103469
"Malur, India",F,200025.0,41.233596
"Rabkavi Banhatti, India",M,844354.0,59.91713
"Port Blair, India",F,443338.0,39.891161
"Talikota, India",F,915776.0,84.509246
"Nuzvid, India",M,368877.0,24.133362
"Soron, India",M,728540.0,61.845973
"Taranagar, India",F,336928.0,30.597912
"Vadakkuvalliyur, India",F,539008.0,78.696145
"Deesa, India",F,524557.0,100.0
"Pandhurna, India",M,679242.0,45.298352
"Tharad, India",F,670809.0,39.906469
"Pipariya, India",F,163947.0,13.208621
"Nanded-Waghala, India",M,1471003.0,82.731343
"Arakkonam, India",M,252321.0,39.434583
"Ramanathapuram, India",F,252785.0,47.579655
"Pachora, India",M,463391.0,100.0
"Mehkar, India",M,412643.0,46.286475
"Manvi, India",M,225717.0,32.701044
"Uran, India",M,305666.0,52.040213
"Lal Gopalganj Nindaura, India",M,373081.0,59.803956
"Vadipatti, India",F,61200.0,20.379009
"Hoshiarpur, India",M,161392.0,27.241684
"Nandyal, India",M,518023.0,57.368095
"Cherthala, India",M,403373.0,66.475554
"Vinukonda, India",F,426406.0,100.0
"Sira, India",M,295644.0,37.963039
"Dumka, India",F,315039.0,35.596098
"Wardha, India",F,420840.0,77.634154
"Noorpur, India",F,358629.0,33.687749
"Nokha, India",M,1392402.0,57.767459
"Madhepura, India",F,340335.0,85.423307
"Tirukalukundram, India",M,696560.0,57.16152
"Palani, India",F,552819.0,85.168968
"Padra, India",M,979378.0,62.269908
"Rajagangapur, India",M,548377.0,41.539809
"Sambalpur, India",F,530696.0,56.933078
"Mahe, India",M,761815.0,77.047981
"Vikarabad, India",F,624646.0,100.0
"Malegaon, India",F,848192.0,51.73568
"Arsikere, India",F,812375.0,55.340328
"Naihati, India",M,546214.0,37.457199
"Ladnu, India",F,245422.0,64.523439
"Tenali, India",M,464018.0,47.042137
"Achalpur, India",M,745665.0,46.411426
"Jagraon, India",F,811024.0,52.273642
"Amroha, India",M,412096.0,49.575756
"Vijayawada, India",F,168828.0,59.567921
"Ashok Nagar, India",M,722437.0,48.694798
"Miryalaguda, India",F,352278.0,77.353862
"Nimbahera, India",F,117976.0,24.891131
"Taliparamba, India",F,414880.0,39.973215
"Nellikuppam, India",F,553708.0,58.503795
"Tamluk, India",M,604249.0,98.899136
"Ratangarh, India",F,216887.0,20.866156
"Hindupur, India",M,892076.0,80.625936
"Yavatmal, India",M,883275.0,73.573142
"Bheemunipatnam, India",F,789254.0,67.413125
"Dhubri, India",M,845519.0,76.742993
"Jaggaiahpet, India",F,573036.0,95.418215
"Moradabad, India",F,379842.0,29.851818
"Sullurpeta, India",F,293798.0,100.0
"Makhdumpur, India",M,593385.0,46.611873
"Wadi, India",M,505780.0,55.174114
"Pilkhuwa, India",M,416644.0,48.54859
"Umarga, India",M,213921.0,21.694719
"Pune, India",F,54527321.0,49.881402
"Nagaur, India",M,1078146.0,61.713502
"Chennai, India",M,59417875.0,51.789038
"Parlakhemundi, India",F,360020.0,56.924118
"Raigarh, India",M,698970.0,38.221419
"Silchar, India",F,437437.0,38.384192
"Bharuch, India",F,830393.0,58.93061
"Sirhind Fatehgarh Sahib, India",F,1013738.0,70.422728
"Sri Madhopur, India",F,477408.0,81.239641
"Zamania, India",F,90318.0,10.433739
"Alwar, India",M,505324.0,63.927354
"Mahnar Bazar, India",M,714915.0,65.402225
"Jagtial, India",M,254885.0,21.983912
"Lingsugur, India",F,581225.0,82.319141
"Shirdi, India",M,905429.0,64.270843
"Talegaon Dabhade, India",F,252343.0,24.729205
"Yerraguntla, India",M,464458.0,63.794881
"Sihor, India",F,471281.0,57.260242
"Porsa, India",F,873152.0,70.309509
"Periyakulam, India",F,291046.0,25.327464
"Koratla, India",M,692390.0,44.608015
"Hardoi , India",M,255127.0,58.550416
"Mathura, India",M,201782.0,43.895424
"Pratapgarh, India",F,512431.0,27.995498
"Vijayapura, India",M,945579.0,38.665179
"Suryapet, India",F,343584.0,40.154783
"Maddur, India",M,719447.0,42.107299
"Balurghat, India",F,414702.0,66.085756
"Malaj Khand, India",F,317540.0,69.274552
"Utraula, India",F,220911.0,32.216905
"Jalpaiguri, India",F,722298.0,100.0
"Rampura Phul, India",M,129403.0,38.096457
"Karnal, India",F,588223.0,78.247052
"Wadhwan, India",F,134683.0,40.965222
"Sahaswan, India",F,966462.0,63.595745
"Shenkottai, India",M,500980.0,41.907196
"Kapurthala, India",M,353074.0,22.299358
"Pipar City, India",M,952188.0,58.145121
"Chandausi, India",F,432123.0,100.0
"Madikeri, India",M,1012722.0,98.587466
"Anand, India",F,242841.0,40.709752
"Amritsar, India",M,476299.0,97.71659
"Vizianagaram, India",F,217716.0,35.548255
"Alappuzha, India",F,771794.0,97.360964
"Partur, India",F,524615.0,85.723786
"Udupi, India",M,457478.0,51.918818
"Puri, India",F,107592.0,29.090633
"Rasipuram, India",M,161391.0,40.459722
"Bhawanipatna, India",F,174346.0,100.0
"Mancherial, India",M,518818.0,46.812054
"Nimbahera, India",M,355992.0,75.108868
"Aruppukkottai, India",M,553782.0,66.360696
"Pedana, India",F,110169.0,21.640377
"Dhule, India",F,597511.0,62.068747
"Macherla, India",M,453018.0,54.793516
"Mahidpur, India",M,167116.0,100.0
"Savanur, India",M,280744.0,61.359578
"Bathinda, India",M,1836829.0,66.368804
"Ramanathapuram, India",M,278503.0,52.420344
"Darbhanga, India",F,1108569.0,64.209407
"Bhainsa, India",M,556451.0,56.854799
"Perambalur, India",F,500485.0,40.614518
"Wokha, India",F,161466.0,35.155948
"Tiruchengode, India",M,485149.0,52.42485
"Jhargram, India",M,732270.0,59.447102
"Sidlaghatta, India",M,585919.0,87.546898
"Palasa Kasibugga, India",F,1166599.0,69.145847
"Nadiad, India",F,511305.0,56.245214
"Bagaha, India",F,224207.0,100.0
"Bengaluru, India",M,241128293.0,42.131229
"Visakhapatnam, India",F,694982.0,49.645826
"Nabadwip, India",M,486810.0,55.554414
"Madhepura, India",M,58075.0,14.576692
"Ambikapur, India",M,66146.0,8.777778
"Amalapuram, India",M,821959.0,71.036308
"Tura, India",M,297858.0,38.536518
"Sahibganj, India",F,6098.0,0.83624
"Gaya, India",F,496865.0,91.581434
"Phaltan, India",M,105409.0,17.981409
"Fatehpur Sikri, India",F,437797.0,19.860359
"Talode, India",M,381301.0,43.464943
"Dharmavaram, India",F,486448.0,97.350346
"Keshod, India",F,325485.0,62.113442
"Raisen, India",F,1266979.0,68.219773
"Talcher, India",M,253433.0,20.490296
"Viluppuram, India",F,575712.0,100.0
"Mandvi, India",M,804171.0,44.1901
"Pilibhit, India",M,71014.0,13.855957
"Shegaon, India",F,669448.0,46.999321
"Manuguru, India",M,305569.0,57.664102
"Tiruvannamalai, India",M,316366.0,32.994247
"Proddatur, India",M,345844.0,39.491629
"Nagaon, India",M,330658.0,34.481183
"Chirmiri, India",F,916724.0,80.403101
"Ladwa, India",F,172528.0,19.045831
"Firozabad, India",F,156314.0,22.135212
"Karur, India",F,518589.0,92.495505
"Pakaur, India",M,269096.0,48.890277
"Sathyamangalam, India",M,383896.0,82.805627
"Masaurhi, India",F,96825.0,14.023178
"Dhuri, India",F,577248.0,64.270707
"Chittoor, India",F,414712.0,42.466052
"Nowgong, India",M,76670.0,12.248856
"Vidisha, India",M,284698.0,54.253095
"Purulia, India",F,807776.0,72.41822
"Rampurhat, India",F,1424390.0,90.098119
"Narasaraopet, India",M,398271.0,100.0
"Bhopal, India",M,500891.0,100.0
"Sirohi, India",F,369569.0,78.764764
"Ratnagiri, India",F,481975.0,75.781279
"Bhatapara, India",M,257981.0,54.592221
"Morvi, India",F,329328.0,73.867189
"Raisinghnagar, India",M,462102.0,100.0
"Bhabua, India",F,460002.0,36.831894
"Panvel, India",F,543489.0,51.18881
"Santipur, India",F,61761.0,6.714414
"Palia Kalan, India",F,402626.0,100.0
"Mavoor, India",M,190832.0,40.70935
"New Delhi, India",M,71446.0,27.457159
"Varanasi, India",M,125313.0,100.0
"Nandura, India",M,231015.0,100.0
"Sarni, India",F,37882.0,18.273205
"Yanam, India",F,621020.0,41.834318
"Muktsar, India",M,606730.0,55.091363
"Vrindavan, India",M,352621.0,40.737647
"Malout, India",F,441363.0,78.610434
"Baramula, India",M,934691.0,52.131924
"Madhubani, India",F,545868.0,42.049459
"Nellore, India",F,838433.0,50.81332
"Punganur, India",M,123296.0,39.886773
"Gudur, India",M,764409.0,70.621608
"Theni Allinagaram, India",M,413916.0,48.303998
"Nalbari, India",M,88914.0,93.278501
"Tezpur, India",M,429680.0,49.470786
"Muvattupuzha, India",F,842298.0,52.240362
"Tiruvethipuram, India",M,304735.0,75.800012
"Sonepur, India",F,275517.0,27.801664
"Hardwar, India",M,559430.0,58.795338
"Nepanagar, India",F,516479.0,45.117502
"Chatra, India",F,168316.0,16.272792
"Thiruvallur, India",F,160052.0,24.102583
"Manavadar, India",F,322994.0,61.713921
"Nagapattinam, India",F,615927.0,100.0
"Pilani, India",M,437535.0,31.397736
"Nagarkurnool, India",F,277781.0,30.643209
"Buxar, India",F,832978.0,71.986055
"Diphu, India",M,854325.0,42.782862
"Mandamarri, India",M,44615.0,33.739686
"Samana, India",M,499675.0,64.235981
"Lunawada, India",F,523362.0,46.73384
"Talaja, India",F,781082.0,66.302508
"Sasaram, India",F,296282.0,34.423656
"Sunam, India",M,223685.0,28.799926
"Erode, India",F,556749.0,41.328834
"Sindhnur, India",F,661470.0,90.354385
"Jabalpur, India",F,358290.0,60.700986
"Phalodi, India",M,694622.0,40.090729
"Neyyattinkara, India",M,509594.0,54.760901
"Zirakpur, India",F,289172.0,52.608962
"Paithan, India",M,310085.0,32.250062
"Washim, India",F,892923.0,70.135546
"Sherkot, India",M,766692.0,70.187972
"Siana, India",F,795268.0,97.432925
"Pithapuram, India",M,387680.0,26.440364
"Pen, India",F,264358.0,34.982334
"Dehri-on-Sone, India",M,512741.0,36.911688
"Sibsagar, India",M,348360.0,22.334348
"Mandideep, India",F,1022032.0,57.869691
"Musabani, India",M,403053.0,35.068823
"Bhilai Nagar, India",M,303637.0,30.175855
"Supaul, India",F,258622.0,30.317758
"Sanand, India",M,619647.0,40.995311
"Kodungallur, India",M,917079.0,66.754038
"Nangal, India",F,342517.0,53.543463
"Sheopur, India",M,503017.0,55.871843
"Shikaripur, India",M,358509.0,40.16192
"Venkatagiri, India",M,35099.0,13.043882
"Akola, India",M,625494.0,40.235846
"Chaibasa, India",M,279860.0,42.158764
"Yadgir, India",F,455645.0,60.797819
"Pollachi, India",M,456889.0,49.14201
"Srinagar, India",M,845491.0,59.85582
"Pandharkaoda, India",F,715609.0,78.18505
"Sardhana, India",M,1241710.0,74.64945
"Vadalur, India",M,231814.0,18.824245
"Gwalior, India",F,634118.0,50.850219
"Perumbavoor, India",M,181262.0,29.859976
"Gooty, India",M,258116.0,50.841661
"Udgir, India",M,825680.0,39.69268
"Rohtak, India",F,310440.0,34.540231
"Pinjore, India",M,884267.0,69.103172
"Narasapuram, India",F,57071.0,11.320533
"Jhumri Tilaiya, India",F,244127.0,36.7546
"Palakkad, India",F,370340.0,88.341515
"Chilakaluripet, India",F,1078886.0,69.816845
"Athni, India",F,462634.0,48.598662
"Sirsaganj, India",M,343726.0,69.10371
"Kadiri, India",F,5888.0,3.245239
"Ballari, India",F,684874.0,71.370853
"Suratgarh, India",F,449084.0,91.67393
"Zamania, India",M,775316.0,89.56626
"Radhanpur, India",M,664204.0,49.035319
"Anjangaon, India",M,673069.0,54.842378
"Miryalaguda, India",M,103133.0,22.646137
"Alirajpur, India",M,166684.0,100.0
"Rampur, India",F,677444.0,56.743103
"Oddanchatram, India",M,425074.0,29.43846
"Paschim Punropara, India",F,231125.0,22.642331
"Kanpur, India",F,59832225.0,52.314371
"Palghar, India",F,115956.0,11.240239
"Jamui, India",M,562659.0,56.57878
"Sankari, India",M,106690.0,5.975825
"Bobbili, India",M,381084.0,77.430602
"Bhiwandi, India",F,249111.0,44.65267
"Samastipur, India",F,427606.0,57.639017
"Mysore, India",M,10462.0,1.89653
"Satara, India",F,141083.0,17.737342
"Ajmer, India",F,414713.0,90.057698
"Shahabad, India",F,596665.0,59.40837
"Madhupur, India",M,549199.0,72.993149
"Aizawl, India",M,891844.0,84.19095
"Vikramasingapuram, India",M,523820.0,62.442334
"Roorkee, India",F,512464.0,74.237975
"Jamshedpur, India",F,579231.0,35.4764
"Mattannur, India",M,890321.0,60.658197
"Jagdalpur, India",M,1063847.0,58.261349
"Rajnandgaon, India",F,180593.0,51.793037
"Kovvur, India",F,207588.0,27.370103
"Madanapalle, India",F,162896.0,24.422225
"Zunheboto, India",F,78591.0,16.849509
"Tilda Newra, India",M,321968.0,22.553443
"Kottayam, India",F,421854.0,30.831984
"Medak, India",M,300850.0,32.317874
"Pavagada, India",F,824710.0,71.613156
"Makrana, India",F,396453.0,65.344189
"Sagwara, India",F,589621.0,83.376014
"Wani, India",F,287388.0,53.222365
"Yawal, India",M,447939.0,100.0
"Faridkot, India",M,537178.0,72.959673
"Tandur, India",M,744515.0,51.209221
"Vasai-Virar, India",F,828308.0,81.912803
"Sirsa, India",F,766293.0,53.844132
"Sainthia, India",F,650713.0,53.741469
"Manwath, India",F,516824.0,90.108725
"Chirala, India",F,169300.0,20.259872
"Nilanga, India",M,798643.0,60.273487
"Umred, India",F,489406.0,62.383017
"Markapur, India",F,852817.0,79.416771
"Kendrapara, India",F,571923.0,59.232074
"Mandi, India",F,530526.0,61.552366
"Panvel, India",M,518245.0,48.811189
"Dibrugarh, India",M,967965.0,85.70514
"Malur, India",M,285077.0,58.766403
"Bahadurgarh, India",F,156494.0,22.985936
"Tirukkoyilur, India",M,426756.0,50.680059
"Jamshedpur, India",M,1053491.0,64.523599
"Vedaranyam, India",F,94406.0,8.291141
"Ahmedabad, India",F,319172275.0,56.212658
"Erode, India",M,790371.0,58.671165
"Rath, India",F,594732.0,47.864791
"Pathankot, India",F,142686.0,89.771804
"Chittoor, India",M,561861.0,57.533947
"Palladam, India",F,65142.0,7.941366
"Sasaram, India",M,564411.0,65.576343
"Satara, India",M,654318.0,82.262657
"Talaja, India",M,396976.0,33.697491
"Kalimpong, India",F,188333.0,24.619272
"Thodupuzha, India",M,296684.0,100.0
"Neyyattinkara, India",F,420986.0,45.239098
"Srinagar, India",F,567055.0,40.144179
"Umarga, India",F,772130.0,78.30528
"Paithan, India",F,651417.0,67.749937
"Wanaparthy, India",M,125606.0,100.0
"Nagarkurnool, India",M,628720.0,69.35679
"Khanna, India",F,208513.0,20.968998
"Sangamner, India",F,247680.0,18.826705
"Lal Gopalganj Nindaura, India",F,250759.0,40.196043
"Lunawada, India",M,596516.0,53.266159
"Nakodar, India",M,126688.0,38.128028
"Pipariya, India",M,1077265.0,86.791378
"Begusarai, India",F,139827.0,26.767757
"Karimganj, India",F,148204.0,15.458689
"Manglaur, India",M,449705.0,56.050508
"Tiruvannamalai, India",F,642486.0,67.005752
"Palani, India",M,96266.0,14.831031
"Rayadurg, India",M,399027.0,58.843298
"Shahbad, India",M,695479.0,63.488784
"Nangal, India",M,297182.0,46.456536
"Sujangarh, India",M,671246.0,46.214963
"Ranebennuru, India",F,48178.0,19.846919
"Sivaganga, India",F,295685.0,100.0
"Charkhi Dadri, India",F,386963.0,26.515593
"Phagwara, India",M,1148725.0,91.419182
"Tirukalukundram, India",F,522022.0,42.838479
"Mohali, India",M,1339494.0,79.147039
"Jamalpur, India",F,264226.0,28.918181
"Bilaspur, India",F,374146.0,84.416366
"Cherthala, India",F,203426.0,33.524445
"Brahmapur, India",F,202199.0,37.504474
"Sirohi, India",M,99637.0,21.235235
"Bhuj, India",F,718604.0,57.003561
"Afzalpur, India",F,725277.0,83.865473
"Nandurbar, India",F,804632.0,67.933366
"Orai, India",F,295636.0,25.138089
"Motihari, India",F,1101209.0,67.966424
"Nedumangad, India",F,444605.0,39.963344
"Yadgir, India",M,293798.0,39.20218
"Vadakkuvalliyur, India",M,145915.0,21.303854
"Ranibennur, India",F,591296.0,100.0
"Nabadwip, India",F,389466.0,44.445585
"Mandideep, India",M,744060.0,42.130308
"Vita, India",F,10256.0,3.707238
"Tonk, India",M,42580.0,16.757577
"Jorhat, India",F,827258.0,59.853978
"Kalpi, India",F,761643.0,95.274329
"Nagda, India",F,455617.0,52.637373
"Mancherial, India",F,589482.0,53.187945
"Loni, India",M,613942.0,48.590274
"Soro, India",F,967072.0,89.049889
"Porbandar, India",F,499480.0,39.143433
"Sanduru, India",F,434685.0,55.997634
"Asansol, India",F,539265.0,48.933919
"Pathri, India",F,797157.0,66.737409
"Sikandrabad, India",M,377246.0,47.35244
"Narwana, India",F,482394.0,89.956587
"Raayachuru, India",F,687975.0,59.771833
"Gobichettipalayam, India",F,1082726.0,80.638328
"Sangaria, India",M,205523.0,35.491909
"Palitana, India",F,152766.0,16.728005
"Mudhol, India",M,518033.0,63.179147
"Karimnagar, India",F,113243.0,22.928325
"Gudur, India",F,317992.0,29.378391
"Nathdwara, India",F,8022.0,3.129059
"Kandukur, India",F,404319.0,51.92364
"Sindhnur, India",M,70614.0,9.645614
"Raghunathganj, India",M,102741.0,36.659435
"Hansi, India",M,545453.0,100.0
"Sugauli, India",F,430879.0,76.064674
"Utraula, India",M,464788.0,67.783094
"Pakaur, India",F,281312.0,51.109722
"Ramagundam, India",M,168181.0,52.171471
"Nagari, India",M,555007.0,73.604743
"Kancheepuram, India",M,335280.0,59.618263
"Upleta, India",M,518454.0,50.174683
"Tarn Taran, India",M,761591.0,86.993337
"Belagavi, India",F,632518.0,48.008737
"Sedam, India",M,326333.0,32.385807
"Panna, India",F,62595.0,41.087393
"Parli, India",M,332029.0,32.028881
"Forbesganj, India",F,162395.0,48.998132
"New Delhi, India",F,188763.0,72.54284
"Tezpur, India",F,438873.0,50.529213
"Pernampattu, India",F,806322.0,89.754786
"Nawanshahr, India",F,507095.0,37.034399
"Umreth, India",F,125898.0,29.379794
"Karnal, India",M,163528.0,21.752947
"Tanda, India",M,445206.0,46.946464
"Chirmiri, India",M,223436.0,19.596898
"Mokameh, India",F,461308.0,65.130647
"Naidupet, India",M,299348.0,26.591527
"Gurdaspur, India",F,344307.0,45.920029
"Pathanamthitta, India",F,317818.0,57.75065
"Shegaon, India",M,754930.0,53.000678
"Unnao, India",M,302294.0,54.577131
"Madhubani, India",M,752289.0,57.95054
"Hazaribag, India",M,237313.0,32.258647
"Kayamkulam, India",F,404836.0,34.736871
"Naila Janjgir, India",M,925095.0,59.324653
"Laharpur, India",F,318957.0,33.49604
"Malout, India",M,120093.0,21.389565
"Nawabganj, India",F,248054.0,76.121473
"Shivamogga, India",F,715940.0,77.303063
"Partur, India",M,87368.0,14.276213
"Neemuch, India",M,419819.0,61.800979
"Sri Madhopur, India",M,110246.0,18.760358
"Thirumangalam, India",F,558172.0,52.230431
"Narkatiaganj, India",M,426663.0,61.506824
"Parlakhemundi, India",M,272436.0,43.075881
"Tiptur, India",F,293004.0,25.099045
"Mungeli, India",F,356614.0,36.674232
"Chandigarh, India",M,135638.0,31.380759
"Giridih, India",F,301185.0,31.786764
"Sagar, India",F,936966.0,57.706996
"Chirkunda, India",M,246140.0,49.965997
"Saharsa, India",F,804793.0,79.153323
"Mattannur, India",F,577446.0,39.341802
"Mahasamund, India",F,566314.0,31.910317
"Srivilliputhur, India",F,750819.0,42.085063
"Udupi, India",F,423663.0,48.081181
"Ajmer, India",M,45784.0,9.942301
"Akot, India",F,359000.0,68.978238
"Kunnamkulam, India",F,745646.0,57.980676
"Puri, India",M,262259.0,70.909366
"Pandua, India",F,237458.0,35.074467
"Tuensang, India",M,131148.0,73.744109
"Vijayapura, India",F,1499978.0,61.33482
"Khair, India",F,865721.0,58.402008
"Vadodara, India",M,337100.0,45.436471
"Satana, India",M,505479.0,51.643622
"Raiganj, India",M,190711.0,42.576357
"Roorkee, India",M,177835.0,25.762024
"Uchgaon, India",F,253638.0,42.01113
"Salem, India",M,637018.0,88.826574
"Rajpipla, India",M,527850.0,73.588559
"Samastipur, India",M,314263.0,42.360982
"Thiruvananthapuram, India",F,756438.0,63.053839
"Paschim Punropara, India",M,789640.0,77.357668
"Narsipatnam, India",F,51190.0,8.959497
"Arvi, India",F,354720.0,42.859473
"Sahaswan, India",M,553234.0,36.404254
"Vatakara, India",F,682304.0,61.866221
"Nagercoil, India",M,586257.0,45.778224
"Amalapuram, India",F,335138.0,28.963691
"Keshod, India",M,198532.0,37.886557
"Alappuzha, India",M,20920.0,2.639035
"Hyderabad, India",M,57364305.0,50.102684
"Simdega, India",F,485628.0,67.674007
"Shirpur-Warwade, India",F,73929.0,19.846658
"Bongaigaon City, India",M,494984.0,50.398517
"Firozpur, India",F,389791.0,100.0
"Robertson Pet, India",F,224956.0,53.741883
"Nadiad, India",M,397759.0,43.754785
"Paravoor, India",M,686907.0,42.311871
"Naharlagun, India",M,367307.0,59.401436
"Naihati, India",F,912021.0,62.5428
"Aligarh, India",F,952360.0,69.959186
"Indore, India",F,505100.0,65.362352
"Ramnagar, India",M,889683.0,36.334072
"Rajahmundry, India",M,931986.0,83.249234
"Gumia, India",F,398347.0,45.485084
"Suratgarh, India",M,40787.0,8.326069
"Saharanpur, India",M,148674.0,37.207288
"Balangir, India",M,258424.0,59.969182
"Dharmanagar, India",F,339416.0,33.74584
"Jind, India",F,1227668.0,56.128329
"Jharsuguda, India",F,228748.0,89.648847
"Purna, India",M,368512.0,52.604216
"Udgir, India",F,1254502.0,60.307319
"Kot Kapura, India",F,551232.0,71.135888
"Saundatti-Yellamma, India",F,178816.0,31.941124
"Najibabad, India",M,150811.0,20.135517
"Venkatagiri, India",F,233985.0,86.956117
"Pollachi, India",F,472843.0,50.857989
"Baharampur, India",M,966442.0,90.398732
"Sarangpur, India",M,805641.0,62.501192
"Margao, India",M,1692843.0,82.099487
"Kovvur, India",M,550860.0,72.629896
"Vadipatti, India",M,239109.0,79.62099
"Patiala, India",M,165950.0,19.705632
"Pandharkaoda, India",M,199667.0,21.814949
"Siana, India",M,20953.0,2.567074
"Malegaon, India",M,791280.0,48.264319
"Sivakasi, India",F,838673.0,57.534623
"Nautanwa, India",F,411597.0,19.859448
"Nuzvid, India",F,1159617.0,75.866637
"Sholingur, India",F,820954.0,66.475892
"Jammalamadugu, India",F,1131466.0,60.592231
"Pithoragarh, India",M,635682.0,51.696972
"Talikota, India",M,167864.0,15.490753
"Sattur, India",M,574652.0,51.028786
"Lonavla, India",F,77090.0,12.563006
"Mahe, India",F,226939.0,22.952018
"Uran Islampur, India",M,181513.0,86.819247
"Sunabeda, India",M,960936.0,43.754923
"Ladnu, India",M,134939.0,35.47656
"Tikamgarh, India",F,311973.0,33.825031
"Vadnagar, India",M,115439.0,20.463154
"Khambhat, India",M,262776.0,27.22977
"Savner, India",M,472775.0,47.714083
"Samana, India",F,278199.0,35.764018
"Dumraon, India",F,350592.0,31.391116
"Aizawl, India",F,167467.0,15.809049
"Ramdurg, India",F,707688.0,46.589654
"Pavagada, India",M,326908.0,28.386843
"Anakapalle, India",M,492117.0,88.068483
"Sagara, India",M,350366.0,100.0
"Lingsugur, India",M,124838.0,17.680858
"Palghar, India",M,915659.0,88.75976
"Sagwara, India",M,117562.0,16.623985
"Bhiwandi, India",M,308775.0,55.347329
"Sirhind Fatehgarh Sahib, India",M,425766.0,29.577271
"Sonepur, India",M,715492.0,72.198335
"Tamluk, India",F,6726.0,1.100863
"Mandsaur, India",F,523066.0,65.302112
"Nanjangud, India",M,261337.0,38.371025
"Rajnandgaon, India",M,168089.0,48.206962
"Vaijapur, India",F,260211.0,41.240752
"Mansa, India",F,279739.0,24.922112
"Anjangaon, India",F,554210.0,45.157621
"Kishanganj, India",F,460639.0,71.72247
"Maner, India",M,551735.0,49.669565
"Muvattupuzha, India",M,770053.0,47.759637
"Thiruvalla, India",M,83524.0,100.0
"Madurai, India",F,181541.0,37.869799
"Athni, India",M,489314.0,51.401337
"Vikramasingapuram, India",F,315066.0,37.557665
"Periyakulam, India",M,858086.0,74.672535
"Porsa, India",M,368717.0,29.69049
"Nabarangapur, India",M,232862.0,71.579368
"Kottayam, India",M,946381.0,69.168015
"Wai, India",F,451355.0,100.0
"Tirunelveli, India",F,89695.0,12.135393
"Pilani, India",F,955989.0,68.602263
"Forbesganj, India",M,169036.0,51.001867
"Kot Kapura, India",M,223668.0,28.864111
"Rajapalayam, India",M,633125.0,56.298045
"Kollam, India",M,471437.0,51.668518
"Kozhikode, India",M,818321.0,78.443197
"Nanjikottai, India",M,188691.0,22.062955
"Neem-Ka-Thana, India",F,523764.0,39.616035
"Peddapuram, India",F,326937.0,51.198943
"Chatra, India",M,866024.0,83.727207
"Karwar, India",M,512477.0,51.073895
"Rameshwaram, India",F,144978.0,39.67869
"Lakheri, India",F,841278.0,60.965884
"Dehri-on-Sone, India",F,876361.0,63.088311
"Mudalagi, India",M,392681.0,43.454507
"Jodhpur, India",F,422177.0,54.660721
"Tilda Newra, India",F,1105610.0,77.446556
"Giridih, India",M,646332.0,68.213235
"Sibsagar, India",F,1211390.0,77.665651
"Arvi, India",M,472915.0,57.140526
"Thanjavur, India",M,362023.0,35.245422
"Azamgarh, India",F,30349.0,29.694532
"Thiruvallur, India",M,503993.0,75.897416
"Pappinisseri, India",F,556922.0,73.457538
"Machilipatnam, India",F,728300.0,48.30245
"Hisar, India",M,222834.0,12.793287
"Greater Mumbai, India",M,239134430.0,41.4623
"Zirakpur, India",M,260491.0,47.391037
"Sunam, India",F,553001.0,71.200073
"Paramakudi, India",M,157055.0,22.223715
"Tarakeswar, India",F,291571.0,77.000536
"Manavadar, India",M,200379.0,38.286078
"Rewa, India",F,786321.0,62.683429
"Tiruvethipuram, India",F,97290.0,24.199987
"Adilabad, India",F,1164430.0,65.806933
"Indore, India",M,267669.0,34.637647
"Sikandra Rao, India",F,423138.0,49.556015
"Hubli-Dharwad, India",M,570443.0,41.351581
"Memari, India",F,45446.0,16.696547
"Proddatur, India",F,529896.0,60.50837
"Shamli, India",F,114596.0,35.267903
"Thangadh, India",F,469893.0,56.456149
"Mungeli, India",M,615769.0,63.325767
"Nagina, India",M,201953.0,86.48284
"Chittur-Thathamangalam, India",F,355379.0,44.319332
"Gumia, India",M,477428.0,54.514915
"Nahan, India",F,587465.0,44.404408
"Vellakoil, India",F,32782.0,3.251034
"Kharar, India",F,543792.0,41.192213
"Sailu, India",F,790776.0,44.518782
"Ponnani, India",M,594813.0,72.720592
"Yellandu, India",F,751850.0,53.708635
"Bhadrachalam, India",F,238499.0,21.039988
"Udhampur, India",M,425790.0,40.33546
"Pen, India",M,491332.0,65.017665
"Sitapur, India",F,878413.0,61.387644
"Saundatti-Yellamma, India",M,381014.0,68.058875
"Jhumri Tilaiya, India",M,420081.0,63.245399
"Jatani, India",M,603955.0,67.158121
"Rohtak, India",M,588338.0,65.459768
"Medininagar (Daltonganj), India",M,1125829.0,73.831049
"Sardhana, India",F,421678.0,25.350549
"Gaya, India",M,45674.0,8.418565
"Ramanagaram, India",F,402345.0,50.621914
"Aligarh, India",M,408948.0,30.040813
"Palwancha, India",F,606606.0,98.739962
"Rasra, India",M,271562.0,61.233776
"Raghogarh-Vijaypur, India",M,15619.0,1.518984
"Dhuri, India",M,320903.0,35.729292
"Muktsar, India",F,494586.0,44.908636
"Sitamarhi, India",M,280118.0,16.803628
"Mangrulpir, India",M,707423.0,63.635374
"Bodhan, India",F,641644.0,66.198685
"Ozar, India",F,750430.0,74.778433
"Masaurhi, India",M,593639.0,85.976821
"Thane, India",M,255669.0,40.216348
"Shahade, India",F,453352.0,31.292091
"Lalsot, India",M,643419.0,55.436473
"Sendhwa, India",F,135406.0,12.535735
"Nehtaur, India",M,62613.0,6.714696
"Shirpur-Warwade, India",M,298572.0,80.153341
"Mahbubnagar, India",F,15458.0,100.0
"Mhow Cantonment, India",M,634329.0,52.068313
"Tirur, India",M,26094.0,100.0
"Hugli-Chinsurah, India",M,171822.0,100.0
"Sidhi, India",F,1227913.0,83.249749
"Seohara, India",F,258823.0,35.925385
"Rampurhat, India",M,156542.0,9.90188
"Rae Bareli, India",F,537944.0,51.417718
"Nadbai, India",F,607191.0,52.81768
"Sheopur, India",F,397288.0,44.128156
"Murshidabad, India",M,303698.0,58.885758
"Yevla, India",M,97130.0,24.583276
"Sangareddy, India",M,269349.0,63.769958
"Palitana, India",M,760469.0,83.271994
"Muddebihal, India",M,953093.0,57.321006
"Namakkal, India",M,590181.0,76.220641
"Dhule, India",M,365149.0,37.931252
"Soro, India",M,118917.0,10.95011
"Vrindavan, India",F,512969.0,59.262352
"Sonipat, India",M,1252686.0,96.951192
"Shajapur, India",M,981343.0,93.661584
"Kayamkulam, India",M,760600.0,65.263128
"Imphal, India",F,713467.0,46.516269
"Patratu, India",F,289003.0,46.40777
"Tekkalakote, India",F,96254.0,15.884808
"Ichalkaranji, India",F,714799.0,57.632392
"Nedumangad, India",M,667927.0,60.036655
"Tindivanam, India",F,343326.0,61.02022
"Buxar, India",M,324160.0,28.013944
"Pernampattu, India",M,92039.0,10.245213
"Diphu, India",F,1142561.0,57.217137
"Shahdol, India",F,931986.0,48.476201
"Dhenkanal, India",M,300810.0,68.658487
"Motihari, India",M,519016.0,32.033575
"Tiruttani, India",M,18273.0,4.183561
"Habra, India",F,306025.0,30.588031
"Deoghar, India",F,267871.0,27.90913
"Seoni-Malwa, India",M,724171.0,84.274035
"Anjar, India",M,179660.0,46.38925
"Sheikhpura, India",F,495297.0,48.716763
"Balurghat, India",M,212819.0,33.914243
"Araria, India",F,760937.0,92.882941
"Parbhani, India",F,364232.0,95.793554
"Umaria, India",F,212006.0,55.213346
"Arwal, India",M,176005.0,30.163202
"Nellore, India",M,811593.0,49.186679
"Kagaznagar, India",F,376354.0,62.954611
"Sillod, India",F,1236814.0,79.375298
"Shenkottai, India",F,694471.0,58.092803
"Surapura, India",F,215752.0,69.408895
"Phulabani, India",F,1510057.0,97.311343
"Sidlaghatta, India",F,83344.0,12.453101
"Perambalur, India",M,731796.0,59.385481
"Jagdalpur, India",F,762144.0,41.73865
"Zunheboto, India",M,387838.0,83.15049
"Mandi Dabwali, India",F,282540.0,100.0
"Cuttack, India",F,373231.0,40.896783
"Amritsar, India",F,11130.0,2.283409
"Karaikal, India",F,619488.0,60.024475
"Nawapur, India",F,571390.0,58.797985
"Sanawad, India",F,664054.0,84.188226
"Fazilka, India",M,14949.0,100.0
"Udaipurwati, India",F,544509.0,26.111744
"Tharamangalam, India",M,394881.0,37.026087
"Parvathipuram, India",F,560980.0,36.099354
"Satna, India",F,177509.0,58.620393
"Shahabad, India",M,407680.0,40.591629
"Darbhanga, India",M,617921.0,35.790592
"Udaipur, India",F,1240182.0,49.643142
"Mandsaur, India",M,277928.0,34.697887
"Srikakulam, India",M,161884.0,35.950973
"Allahabad, India",F,337841.0,37.123956
"Shahabad Rampur, India",F,168337.0,36.723612
"Delhi, India",F,323692299.0,58.120905
"Ottappalam, India",M,861957.0,55.785294
"Pedana, India",M,398921.0,78.359622
"Narwana, India",M,53858.0,10.043412
"Anantnag, India",F,271565.0,53.271854
"Mavelikkara, India",F,351041.0,60.150856
"Visakhapatnam, India",M,704898.0,50.354173
"Sahibganj, India",M,723118.0,99.163759
"Puranpur, India",F,556934.0,46.546111
"Kharagpur, India",M,658826.0,54.203572
"Moga, India",F,512449.0,61.10491
"Mussoorie, India",M,202987.0,100.0
"Pudukkottai, India",F,797676.0,50.385784
"Merta City, India",F,386941.0,47.531603
"Kochi, India",F,124016.0,12.216652
"Uravakonda, India",F,4131.0,0.53499
"Gokak, India",F,711725.0,50.93668
"Warora, India",F,486668.0,50.675527
"Thiruvarur, India",F,835280.0,42.843484
"Nawada, India",F,463565.0,66.384886
"Sankeshwara, India",M,270775.0,15.152057
"Ahmednagar, India",F,140295.0,37.38319
"Fatehabad, India",M,496636.0,63.690389
"Mangrol, India",M,1028771.0,71.071918
"Rajula, India",F,1075957.0,78.731076
"Petlad, India",F,123255.0,14.594784
"Ganjbasoda, India",M,223901.0,100.0
"Jamalpur, India",M,649476.0,71.081818
"Tirupathur, India",M,147028.0,100.0
"Tilhar, India",F,406243.0,33.935679
"Rewari, India",F,1266009.0,100.0
"Fatehpur Sikri, India",M,1766579.0,80.13964
"Sojat, India",F,494367.0,43.420868
"Mandla, India",F,1073531.0,52.443191
"Raisen, India",M,590223.0,31.780226
"Dharmavaram, India",M,13240.0,2.649653
"Shivpuri, India",M,293690.0,35.543641
"Navi Mumbai, India",F,451185.0,34.967015
"Bahraich, India",F,1243.0,5.125139
"Ramngarh, India",F,464403.0,42.812892
"Maddur, India",F,989157.0,57.8927
"Gwalior, India",M,612913.0,49.14978
"Etawah, India",M,489643.0,55.025094
"Lucknow, India",F,57412269.0,49.77893
"Rajgir, India",F,129658.0,25.288414
"Bhavnagar, India",F,511492.0,70.065957
"Manjlegaon, India",M,611917.0,52.970562
"Aurangabad, India",F,474630.0,24.374549
"Varkala, India",M,359523.0,44.526335
"Akola, India",F,929075.0,59.764153
"Khanna, India",M,785874.0,79.031001
"Latur, India",M,70008.0,33.299245
"Solan, India",F,279994.0,35.409065
"Siddipet, India",F,512840.0,50.700137
"Kishanganj, India",M,181613.0,28.277529
"Tenkasi, India",M,300679.0,37.865458
"Jamui, India",F,431811.0,43.421219
"Unjha, India",M,264940.0,100.0
"Tarikere, India",F,71396.0,16.856131
"Rajakhera, India",F,39010.0,6.823675
"Guntur, India",M,651742.0,67.075108
"Nautanwa, India",M,1660953.0,80.140551
"Adityapur, India",F,506773.0,52.570195
"Madhupur, India",F,203199.0,27.00685
"Shrirampur, India",M,334629.0,57.622428
"Morshi, India",F,460500.0,52.051719
"Gopalganj, India",M,306828.0,50.857942
"Durg, India",F,191694.0,73.81221
"Kadiri, India",M,175547.0,96.75476
"Kadapa, India",M,1181793.0,67.636967
"Ongole, India",F,108463.0,12.068904
"Jammalamadugu, India",M,735879.0,39.407768
"Narnaul, India",M,575184.0,51.766285
"Kalyan-Dombivali, India",F,1525143.0,62.584861
"Ramgarh, India",M,139266.0,42.73969
"Surandai, India",F,772932.0,84.626973
"Nepanagar, India",M,628263.0,54.882497
"Bikaner, India",F,892066.0,62.598179
"Raver, India",F,440240.0,57.693114
"Tadpatri, India",M,1043632.0,69.293672
"Lakhisarai, India",F,121495.0,22.447569
"Sangrur, India",M,973162.0,100.0
"Madurai, India",M,297841.0,62.1302
"Sopore, India",F,526141.0,79.08648
"Meerut, India",F,249478.0,30.983204
"Nelamangala, India",F,261120.0,33.71657
"Nandivaram-Guduvancheri, India",M,662522.0,100.0
"Patti, India",F,127585.0,33.471063
"Narsinghgarh, India",F,1000105.0,55.117357
"Rajgarh (Churu), India",F,139622.0,13.689531
"Bapatla, India",F,153626.0,63.569291
"Tirunelveli, India",M,649424.0,87.864606
"Malaj Khand, India",M,140839.0,30.725447
"Sirsaganj, India",F,153680.0,30.896289
"Umbergaon, India",M,104217.0,21.164164
"Sihora, India",M,280426.0,27.520886
"Bharatpur, India",F,492675.0,34.561751
"Tanuku, India",F,790622.0,60.573663
"Purnia, India",M,436086.0,42.760656
"Sirsa, India",M,656876.0,46.155867
"Makrana, India",M,210262.0,34.65581
"Renukoot, India",F,520573.0,32.760859
"Farooqnagar, India",M,880428.0,84.227464
"Sumerpur, India",F,652161.0,59.926396
"Maner, India",F,559076.0,50.330434
"Kochi, India",M,891123.0,87.783347
"Petlad, India",M,721259.0,85.405215
"Sheikhpura, India",M,521390.0,51.283236
"Goalpara, India",F,688723.0,86.498322
"Tanuku, India",M,514602.0,39.426336
"Uravakonda, India",M,768032.0,99.465009
"Rajsamand, India",F,1209612.0,66.561308
"Una, India",F,245914.0,35.758282
"Kodungallur, India",F,456739.0,33.245961
"Supaul, India",M,594416.0,69.682241
"Valparai, India",F,752068.0,65.244997
"Lanka, India",F,794454.0,52.000822
"Sattenapalle, India",F,523202.0,77.005906
"Korba, India",F,918051.0,49.114148
"Parvathipuram, India",M,993009.0,63.900645
"Jabalpur, India",M,231964.0,39.299013
"Nashik, India",F,254203.0,37.327242
"Ongole, India",M,790235.0,87.931095
"Bhatapara, India",F,214579.0,45.407778
"Sonipat, India",F,39393.0,3.048807
"Kalyan-Dombivali, India",M,911777.0,37.415138
"Punch, India",F,584728.0,90.143711
"Baripada Town, India",F,648647.0,57.617921
"Pandua, India",M,439553.0,64.925532
"Vatakara, India",M,420566.0,38.133778
"Surapura, India",M,95090.0,30.591104
"Lucknow, India",M,57922207.0,50.221069
"Rajula, India",M,290666.0,21.268923
"Tiruppur, India",F,448068.0,46.380442
"Sinnar, India",M,1368336.0,82.764126
"Naharlagun, India",F,251040.0,40.598563
"Sanawad, India",M,124719.0,15.811773
"Lonavla, India",M,536537.0,87.436993
"Patiala, India",F,676195.0,80.294367
"Nawada, India",M,234734.0,33.615113
"Lalsot, India",F,517223.0,44.563526
"Nawabganj, India",M,77812.0,23.878526
"Ladwa, India",M,733329.0,80.954168
"Hyderabad, India",F,57129172.0,49.897315
"Nagpur, India",F,646893.0,81.961756
"Jorhat, India",M,554869.0,40.146021
"Ballari, India",M,274725.0,28.629146
"Simdega, India",M,231971.0,32.325992
"Manjlegaon, India",F,543285.0,47.029437
"Bhavnagar, India",M,218523.0,29.934042
"Mira-Bhayandar, India",F,542196.0,81.175086
"Tilhar, India",M,790854.0,66.06432
"Narasapuram, India",M,447066.0,88.679466
"Mihijam, India",F,170620.0,16.146004
"Singrauli, India",F,737580.0,58.349985
"Adoni, India",F,993742.0,63.080512
"Ratlam, India",F,93278.0,62.946142
"Pathri, India",M,397311.0,33.26259
"Gobichettipalayam, India",M,259968.0,19.361671
"Punalur, India",F,392803.0,45.572917
"Vapi, India",F,789464.0,70.880929
"Namakkal, India",F,184125.0,23.779358
"Sidhi, India",M,247062.0,16.75025
"Loni, India",F,649566.0,51.409725
"Batala, India",F,700580.0,57.440127
"Araria, India",M,58306.0,7.117058
"Murshidabad, India",F,212043.0,41.114241
"Lakhimpur, India",F,244226.0,18.964855
"Mokameh, India",M,246973.0,34.869352
"Sarni, India",M,169427.0,81.726794
"Ujhani, India",F,188360.0,24.335697
"Sendhwa, India",M,944754.0,87.464264
"Pudukkottai, India",M,785461.0,49.614215
"Sangamner, India",M,1067898.0,81.173294
"North Lakhimpur, India",F,216232.0,26.499701
"Gokak, India",M,685549.0,49.063319
"Karimganj, India",M,810506.0,84.54131
"Ratnagiri, India",M,154033.0,24.21872
"Thane, India",F,380065.0,59.783651
"Santipur, India",M,858066.0,93.285585
"Ichalkaranji, India",M,525474.0,42.367607
"Nehtaur, India",F,869864.0,93.285303
"Purulia, India",M,307656.0,27.581779
"Panaji, India",F,168290.0,41.567352
"Akot, India",M,161454.0,31.021761
"Rae Bareli, India",M,508279.0,48.582281
"Pathanamthitta, India",M,232510.0,42.249349
"Saharsa, India",M,211959.0,20.846676
"Tiptur, India",M,874387.0,74.900954
"Karur, India",M,42075.0,7.504494
"Mapusa, India",F,121587.0,27.724711
"Kalpi, India",M,37778.0,4.72567
"Kendujhar, India",F,377357.0,44.522169
"Habra, India",M,694448.0,69.411968
"Kavali, India",M,722035.0,73.704341
"Siliguri, India",M,408401.0,47.660175
"Belagavi, India",M,684988.0,51.991262
"Wadgaon Road, India",F,426467.0,35.601991
"Vita, India",M,266392.0,96.292761
"Shivamogga, India",M,210207.0,22.696936
"Nandurbar, India",M,379811.0,32.066633
"Ramagundam, India",F,154181.0,47.828528
"Rameshwaram, India",M,220402.0,60.321309
"Neemuch, India",F,259489.0,38.19902
"Palwancha, India",M,7741.0,1.260037
"Shahdol, India",M,990578.0,51.523798
"Dhanbad, India",F,666403.0,76.111283
"Umreth, India",M,302621.0,70.620205
"Sitamarhi, India",F,1386891.0,83.196371
"Bhabua, India",M,788921.0,63.168105
"Bhuj, India",M,542026.0,42.996438
"Nawapur, India",M,400395.0,41.202014
"Morena, India",M,527249.0,44.062296
"Kagaznagar, India",M,221464.0,37.045388
"Imphal, India",M,820334.0,53.48373
"Gobindgarh, India",F,514374.0,44.468977
"Seoni-Malwa, India",F,135134.0,15.725964
"Samalkot, India",M,161502.0,51.123597
"Bengaluru, India",F,331198446.0,57.86877
"Tumkur, India",M,1817072.0,100.0
"Mansa, India",M,842714.0,75.077887
"Farooqnagar, India",F,164870.0,15.772535
"Paramakudi, India",F,549645.0,77.776284
"Wokha, India",M,297819.0,64.844051
"Limbdi, India",F,45480.0,7.178404
"Umaria, India",M,171970.0,44.786653
"Mahemdabad, India",F,730304.0,75.133074
"Manwath, India",M,56732.0,9.891274
"Peddapuram, India",M,311625.0,48.801056
"Rosera, India",F,438999.0,49.679571
"Rewa, India",M,468111.0,37.31657
"Lakhisarai, India",M,419744.0,77.55243
"Tandur, India",F,709354.0,48.790778
"Macherla, India",F,373755.0,45.206483
"Savanur, India",F,176795.0,38.640421
"Anand, India",M,353677.0,59.290247
"Modasa, India",F,995500.0,58.340424
"Nilanga, India",F,526389.0,39.726512
"Pratapgarh, India",M,1317974.0,72.004501
"Thuraiyur, India",F,782910.0,92.296102
"Ahmedabad, India",M,248622035.0,43.787341
"Panipat, India",F,862616.0,55.926903
"Nagari, India",F,199030.0,26.395256
"Suri, India",M,372297.0,100.0
"Pathankot, India",M,16257.0,10.228195
"Suryapet, India",M,512065.0,59.845216
"Ponnani, India",F,223130.0,27.279407
"Kendrapara, India",M,393640.0,40.767925
"Charkhi Dadri, India",M,1072416.0,73.484406
"Shikarpur Bulandshahr, India",F,266800.0,37.158981
"Surat, India",F,58461359.0,51.064131
"Nahan, India",M,735523.0,55.595591
"Umred, India",M,295112.0,37.616982
"Lakheri, India",M,538638.0,39.034115
"Bahadurgarh, India",M,524331.0,77.014063
"Thangadh, India",M,362422.0,43.54385
"Pappinisseri, India",M,201233.0,26.542461
"Markapur, India",M,221033.0,20.583228
"Shahade, India",M,995423.0,68.707908
"Bilaspur, India",M,69069.0,15.583633
"Jind, India",M,959584.0,43.87167
"Kasaragod, India",F,431880.0,57.099416
"Marmagao, India",M,561272.0,47.148241
"Bankura, India",F,239944.0,27.841738
"Patna, India",F,507114.0,100.0
"Ranaghat, India",F,1098211.0,70.614147
"Bettiah, India",M,353056.0,100.0
"Shahjahanpur, India",F,852977.0,70.335566
"Guwahati, India",F,539165.0,43.819732
"Periyasemur, India",F,811861.0,56.735527
"Sattur, India",F,551481.0,48.971213
"Saharanpur, India",F,250909.0,62.792711
"Katihar, India",F,430295.0,91.137162
"Rayadurg, India",F,279091.0,41.156701
"Lunglei, India",F,1339843.0,86.721005
"Robertson Pet, India",M,193630.0,46.258116
"Sholingur, India",M,414011.0,33.524107
"Sailu, India",M,985499.0,55.481217
"Pinjore, India",F,395366.0,30.896827
"Tenkasi, India",F,493393.0,62.134541
"Saunda, India",M,1365315.0,73.337358
"Rajakhera, India",M,532676.0,93.176324
"Sarangpur, India",F,483360.0,37.498807
"Tura, India",F,475066.0,61.463481
"Panruti, India",F,554854.0,51.294628
"Rishikesh, India",F,335575.0,29.03659
"Vadalur, India",F,999651.0,81.175754
"Dhamtari, India",M,425241.0,100.0
"Pasan, India",F,720487.0,66.802561
"Washim, India",M,380216.0,29.864453
"Palakkad, India",M,48874.0,11.658484
"Uthamapalayam, India",M,179045.0,42.094955
"Narnaul, India",F,535933.0,48.233714
"Savner, India",F,518075.0,52.285916
"Kadapa, India",F,565466.0,32.363032
"Rajpura, India",F,405253.0,80.538696
"Bokaro Steel City, India",M,859773.0,100.0
"Surandai, India",M,140408.0,15.373026
"Udaipur, India",M,1258012.0,50.356857
"Kaithal, India",F,876140.0,72.454192
"Machilipatnam, India",M,779491.0,51.697549
"Narsinghgarh, India",M,814396.0,44.882642
"Nabarangapur, India",F,92458.0,28.420631
"Sohna, India",F,696288.0,100.0
"Ambejogai, India",F,997567.0,99.566031
"Jalandhar, India",F,876295.0,54.917779
"Sadabad, India",M,457190.0,35.423044
"Umbergaon, India",F,388205.0,78.835835
"Tarikere, India",M,352165.0,83.143868
"Nelamangala, India",M,513336.0,66.283429
"Bhilwara, India",F,230043.0,24.898799
"Mundi, India",F,223288.0,61.999988
"Losal, India",M,484781.0,77.113874
"Madikeri, India",F,14510.0,1.412533
"Agra, India",M,285895.0,100.0
"Adityapur, India",M,457220.0,47.429804
"Nabha, India",F,753772.0,68.730042
"Nanjikottai, India",F,666548.0,77.937044
"Sabalgarh, India",F,186815.0,64.043318
"Anakapalle, India",F,66672.0,11.931516
"Raver, India",M,322832.0,42.306885
"Chilakaluripet, India",M,466423.0,30.183154
"Sirsi, India",M,609393.0,100.0
"Ramdurg, India",M,811293.0,53.410345
"Palwal, India",F,191409.0,36.730805
"Yamunanagar, India",F,791785.0,73.277262
"Sihora, India",F,738531.0,72.479113
"Medak, India",F,630059.0,67.682125
"Wani, India",M,252588.0,46.777634
"Wankaner, India",F,248859.0,51.383494
"Ahmednagar, India",M,234994.0,62.616809
"Bankura, India",M,621870.0,72.158261
"Panipat, India",M,679783.0,44.073096
"Thiruvarur, India",M,1114328.0,57.156515
"Sankeshwara, India",F,1516276.0,84.847942
"Mavelikkara, India",M,232560.0,39.849143
"Sojat, India",M,644180.0,56.579131
"Mangaluru, India",F,720979.0,68.057271
"Shikohabad, India",F,471269.0,24.387869
"Raurkela, India",F,710336.0,68.226751
"Tirupati, India",F,188037.0,49.510651
"Udaipurwati, India",M,1540794.0,73.888255
"Palacole, India",F,791508.0,54.63725
"Kurnool, India",F,803923.0,42.623833
"Sonamukhi, India",F,421734.0,100.0
"Revelganj, India",M,1061933.0,79.865243
"Sopore, India",M,139132.0,20.913519
"Guntakal, India",F,61223.0,27.224015
"Bikaner, India",M,533001.0,37.40182
"Perinthalmanna, India",M,227264.0,42.12251
"Tinsukia, India",F,359788.0,58.028731
"Ambejogai, India",M,4348.0,0.433968
"Mulbagal, India",F,68291.0,20.773622
"Sikar, India",F,174706.0,75.380665
"Rosera, India",M,444662.0,50.320428
"Bhadrak, India",M,1198486.0,65.306716
"Limbdi, India",M,588087.0,92.821595
"Thuraiyur, India",M,65349.0,7.703897
"Ranavav, India",F,737821.0,59.254687
"Siwan, India",F,233556.0,20.667739
"Raipur, India",M,713194.0,79.62456
"Nohar, India",F,171199.0,28.687265
"Seohara, India",M,461623.0,64.074614
"Phusro, India",F,199865.0,38.215908
"Shivpuri, India",F,532590.0,64.456358
"Veraval, India",F,246388.0,83.298285
"Davanagere, India",M,1378680.0,80.533102
"Sankarankoil, India",F,820085.0,62.440896
"Tiruchirappalli, India",F,452079.0,59.4786
"Umarkhed, India",F,285932.0,38.562126
"Tadepalligudem, India",F,383015.0,100.0
"Sundargarh, India",F,212515.0,31.260342
"Pusad, India",F,416286.0,46.312147
"Sehore, India",F,232302.0,16.176704
"Jaipur, India",F,57727519.0,51.942732
"Rabkavi Banhatti, India",F,564849.0,40.082869
"Pehowa, India",F,500387.0,43.795785
"Shahabad Hardoi, India",M,655499.0,74.952118
"Kharagpur, India",F,556640.0,45.796427
"Puranpur, India",M,639587.0,53.453888
"Ankleshwar, India",M,532960.0,77.800972
"Etawah, India",F,400211.0,44.974905
"Sawai Madhopur, India",M,271577.0,30.889419
"Seoni, India",M,569605.0,57.820052
"Bahraich, India",M,23010.0,94.87486
"Thana Bhawan, India",F,601503.0,55.06958
"Karjat, India",F,377101.0,58.342345
"Thrissur, India",F,652043.0,57.923027
"Tasgaon, India",M,910037.0,67.314312
"Wadgaon Road, India",M,771407.0,64.398008
"Vijainagar Ajmer, India",M,414856.0,77.063224
"Vellakoil, India",M,975574.0,96.748965
"Tundla, India",F,337118.0,63.485947
"Manvi, India",F,464527.0,67.298955
"Thoubal, India",F,435973.0,43.130242
"Mapusa, India",M,316964.0,72.275288
"Shimla, India",M,686363.0,82.253143
"Taranagar, India",M,764219.0,69.402087
"North Lakhimpur, India",M,599747.0,73.500298
"Viramgam, India",F,1049626.0,53.291111
"Chittur-Thathamangalam, India",M,446481.0,55.680667
"Udumalaipettai, India",M,501698.0,46.414453
"Nagina, India",F,31565.0,13.517159
"Byasanagar, India",F,643057.0,64.479924
"Tekkalakote, India",M,509696.0,84.115191
"Vaniyambadi, India",F,297907.0,62.969006
"Dhanbad, India",M,209161.0,23.888716
"Bodhan, India",M,327626.0,33.801314
"Neyveli (TS), India",F,676227.0,61.658138
"Lachhmangarh, India",F,436615.0,91.839675
"Barbil, India",M,233669.0,20.370678
"Pattamundai, India",F,433724.0,63.527057
"Manendragarh, India",M,514281.0,100.0
"Murtijapur, India",F,681767.0,56.469125
"Muddebihal, India",F,709636.0,42.678993
"Manmad, India",M,640343.0,73.203558
"Nadbai, India",M,542407.0,47.182319
"Tiruchendur, India",F,1298744.0,89.934056
"Vandavasi, India",M,188944.0,64.414996
"Yevla, India",F,297976.0,75.416723
"Firozpur Cantt., India",F,656410.0,63.110338
"Adilabad, India",M,605034.0,34.193066
"Rasra, India",F,171922.0,38.766223
"Repalle, India",F,385899.0,100.0
"Jodhpur, India",M,350182.0,45.339278
"Sadulpur, India",M,441250.0,100.0
"Sidhpur, India",F,1266518.0,79.703944
"Sindhagi, India",F,656479.0,71.454974
"Mankachar, India",M,115372.0,11.839315
"Cuttack, India",M,539386.0,59.103216
"Tumsar, India",M,436941.0,38.162619
"Siruguppa, India",F,243660.0,28.612696
"Arambagh, India",F,354052.0,24.464418
"Faridabad, India",M,354815.0,43.942822
"Deoghar, India",M,691926.0,72.090869
"Goalpara, India",M,107504.0,13.501677
"Kolar, India",F,950031.0,79.196968
"Shahabad Rampur, India",M,290052.0,63.276387
"Barpeta, India",F,387773.0,40.953399
"Naugawan Sadat, India",F,508611.0,41.178942
"Risod, India",M,294128.0,25.516594
"Eluru, India",F,273460.0,48.279941
"Bhiwani, India",M,176568.0,64.295155
"Sillod, India",M,321371.0,20.624701
"Shujalpur, India",F,200510.0,32.036287
"Mahesana, India",F,1127572.0,77.359237
"Mangrulpir, India",F,404259.0,36.364625
"Modinagar, India",M,642762.0,100.0
"Hapur, India",M,305694.0,32.384863
"Batala, India",M,519090.0,42.559872
"Naugachhia, India",F,202659.0,22.373506
"Shillong, India",F,145566.0,30.6338
"Thakurdwara, India",M,289511.0,29.813853
"Dhenkanal, India",F,137315.0,31.341512
"Anjar, India",F,207628.0,53.610749
"Noida, India",M,306913.0,66.270442
"Purnia, India",F,583744.0,57.239343
"Virudhachalam, India",M,260676.0,46.183774
"Shamsabad Agra, India",M,148554.0,37.170094
"Nabha, India",M,342942.0,31.269957
"Tiruppur, India",M,518003.0,53.619557
"Chalakudy, India",F,340416.0,59.945797
"Azamgarh, India",M,71855.0,70.305467
"Bhimavaram, India",M,232488.0,53.657557
"Nilambur, India",F,358177.0,34.46976
"Rajampet, India",F,555600.0,37.392486
"Lanka, India",M,733318.0,47.999177
"Karwar, India",F,490926.0,48.926104
"Ludhiana, India",F,379152.0,40.869007
"Kapadvanj, India",F,167425.0,33.178168
"Sultanganj, India",F,831886.0,60.341192
"Sikandra Rao, India",M,430720.0,50.443984
"Rajapalayam, India",F,491470.0,43.701954
"Kashipur, India",F,174310.0,17.109965
"Solapur, India",M,70714.0,54.507754
"Osmanabad, India",M,860831.0,82.3045
"Bargarh, India",M,187593.0,42.105109
"Lar, India",M,174883.0,37.492978
"Chennai, India",F,55312725.0,48.210961
"Mahalingapura, India",F,498609.0,86.226939
"Tuljapur, India",F,310175.0,21.823745
"Punch, India",M,63934.0,9.856288
"Sangareddy, India",F,153027.0,36.230041
"Palanpur, India",F,842306.0,68.01193
"Nizamabad, India",M,303558.0,48.379708
"Tuni, India",M,131409.0,22.194054
"Bellampalle, India",M,274519.0,27.633702
"Lumding, India",F,341743.0,71.794295
"Barnala, India",M,216496.0,29.112541
"Kakinada, India",F,437365.0,46.541559
"Jatani, India",F,295348.0,32.841878
"Hisar, India",F,1518970.0,87.206712
"Zaidpur, India",F,178853.0,24.709664
"Udhampur, India",F,629832.0,59.664539
"Gurgaon, India",M,1510705.0,77.112273
"Rajsamand, India",M,607678.0,33.438691
"Shoranur, India",M,230700.0,32.254095
"Udhagamandalam, India",F,263668.0,25.455886
"Balaghat, India",F,133987.0,17.398446
"Rawatsar, India",F,190683.0,42.812495
"Zira, India",M,1249659.0,76.173312
"Pithampur, India",F,429936.0,100.0
"Puliyankudi, India",F,1114782.0,54.19221
"Baleshwar Town, India",F,220769.0,21.97312
"Kyathampalle, India",F,103612.0,16.475744
"Singrauli, India",M,526482.0,41.650014
"Shahpur, India",M,287863.0,74.043788
"Mudalagi, India",F,510979.0,56.545492
"Adoor, India",F,317437.0,49.007989
"Kadi, India",F,14611.0,1.574264
"Ozar, India",M,253108.0,25.221566
"Ratlam, India",M,54909.0,37.053857
"Ujjain, India",F,215177.0,12.872147
"Ranaghat, India",M,457017.0,29.385852
"Sitapur, India",M,552515.0,38.612355
"Fatehabad, India",F,283130.0,36.30961
"Usilampatti, India",F,450775.0,66.218477
"Pasan, India",M,358045.0,33.197438
"Dehradun, India",M,179962.0,17.829458
"Vijayawada, India",M,114593.0,40.432078
"Nasirabad, India",F,711866.0,43.50472
"Siddipet, India",M,498676.0,49.299862
"Rajgarh (Churu), India",M,880296.0,86.310468
"Silchar, India",M,702191.0,61.615807
"Memari, India",M,226742.0,83.303452
"Tiruvuru, India",F,550987.0,42.291225
"Sambalpur, India",M,401444.0,43.066921
"Bhilwara, India",M,693869.0,75.1012
"Aurangabad, India",M,1472606.0,75.62545
"Peringathur, India",F,222498.0,44.995631
"Rahuri, India",M,155803.0,29.203279
"Kathua, India",M,541276.0,100.0
"Sircilla, India",M,708637.0,65.4653
"Agartala, India",M,636562.0,100.0
"Rajagangapur, India",F,771747.0,58.46019
"Moradabad, India",M,892583.0,70.148181
"Tarakeswar, India",M,87090.0,22.999463
"Palwal, India",M,329704.0,63.269194
"Sattenapalle, India",M,156229.0,22.994093
"Tharamangalam, India",F,671613.0,62.973912
"Satna, India",M,125302.0,41.379606
"Sumerpur, India",M,436109.0,40.073603
"Kannur, India",F,868331.0,86.452794
"Arrah, India",F,178035.0,36.300114
"Maihar, India",M,911419.0,49.090545
"Delhi, India",M,233236913.0,41.879094
"Lahar, India",F,336317.0,33.325934
"Jhansi, India",F,910910.0,43.118183
"Arsikere, India",M,655587.0,44.659671
"Muzaffarpur, India",M,664358.0,61.273167
"Sironj, India",M,919483.0,100.0
"Panruti, India",M,526846.0,48.705371
"Nainital, India",F,1001535.0,59.63708
"Renukoot, India",M,1068436.0,67.23914
"Koratla, India",F,859775.0,55.391984
"Valparai, India",M,400615.0,34.755002
"Medinipur, India",F,561473.0,53.021321
"Madhugiri, India",F,71537.0,8.239938
"English Bazar, India",F,460634.0,88.188647
"Bharatpur, India",M,932817.0,65.438248
"Amreli, India",M,276238.0,35.47457
"Marmagao, India",F,629169.0,52.851758
"Ottappalam, India",F,683176.0,44.214705
"Bargarh, India",F,257942.0,57.89489
"Meerut, India",M,555726.0,69.016795
"Arakkonam, India",F,387526.0,60.565416
"Sadabad, India",F,833467.0,64.576955
"Gurgaon, India",F,448393.0,22.887726
"Mangrol, India",F,418736.0,28.928081
"Siliguri, India",F,448501.0,52.339824
"Kapadvanj, India",M,337199.0,66.821831
"Tadpatri, India",F,462468.0,30.706327
"Zira, India",F,390888.0,23.826687
"Rupnagar, India",F,111273.0,21.056565
"Rudauli, India",M,937770.0,100.0
"Ludhiana, India",M,548573.0,59.130992
"Sindhagi, India",M,262252.0,28.545025
"Malpura, India",F,407714.0,30.862687
"Anantnag, India",M,238207.0,46.728145
"Tuljapur, India",M,1111098.0,78.176254
"Nirmal, India",F,296534.0,44.077496
"Rayagada, India",F,113126.0,100.0
"Kasaragod, India",M,324485.0,42.900583
"Uran, India",F,281699.0,47.959786
"Kadi, India",M,913505.0,98.425735
"Guntur, India",F,319918.0,32.924891
"Shamsabad Agra, India",F,251106.0,62.829905
"Thanesar, India",M,336483.0,100.0
"Nokha, India",F,1017955.0,42.23254
"Sangli, India",F,276614.0,40.955278
"Jalandhar Cantt., India",F,553771.0,68.381732
"Latur, India",F,140231.0,66.700754
"Nilambur, India",M,680928.0,65.530239
"Pandhurna, India",F,820243.0,54.701647
"Modasa, India",M,710864.0,41.659575
"Rawatsar, India",M,254708.0,57.187504
"Merta City, India",M,427130.0,52.468396
"Soron, India",F,449451.0,38.154026
"Ramngarh, India",M,620324.0,57.187107
"Rajgir, India",M,383059.0,74.711585
"Kohima, India",F,581803.0,61.624492
"Pilibanga, India",F,194219.0,100.0
"Wardha, India",M,121241.0,22.365845
"Nanded-Waghala, India",F,307045.0,17.268656
"Moga, India",M,326189.0,38.895089
"Shikarpur Bulandshahr, India",M,451196.0,62.841018
"Ujjain, India",M,1456471.0,87.127852
"Nandyal, India",F,384958.0,42.631904
"Hoshiarpur, India",F,431053.0,72.758315
"Mandla, India",M,973505.0,47.556808
"Shahjahanpur, India",M,359748.0,29.664433
"Guwahati, India",M,691251.0,56.180267
"Phulabani, India",M,41722.0,2.688656
"Tuni, India",F,460682.0,77.805945
"Tiruttani, India",F,418508.0,95.816438
"Barbil, India",F,913416.0,79.629321
"Lachhmangarh, India",M,38795.0,8.160324
"Tumsar, India",F,708004.0,61.83738
"Sidhpur, India",M,322510.0,20.296055
"Mankachar, India",F,859110.0,88.160684
"Tindivanam, India",M,219317.0,38.979779
"Tohana, India",F,417384.0,40.454142
"Firozpur Cantt., India",M,383689.0,36.889661
"Kolar, India",M,249549.0,20.803031
"Gangarampur, India",F,345278.0,27.564794
"Siruguppa, India",M,607920.0,71.387303
"Karjat, India",M,269258.0,41.657654
"Ujhani, India",M,585647.0,75.664302
"Robertsganj, India",F,289760.0,18.437965
"Malerkotla, India",F,669542.0,80.783338
"Thana Bhawan, India",M,490757.0,44.930419
"Khammam, India",F,246978.0,42.699321
"Salur, India",F,636922.0,100.0
"Rawatbhata, India",M,528422.0,57.708214
"Sinnar, India",F,284960.0,17.235873
"Manmad, India",F,234400.0,26.796441
"Raghogarh-Vijaypur, India",F,1012634.0,98.481015
"Panaji, India",M,236571.0,58.432647
"Srikakulam, India",F,288407.0,64.049026
"Allahabad, India",M,572194.0,62.876043
"Patratu, India",M,333744.0,53.592229
"Mhow Cantonment, India",F,583934.0,47.931686
"Morena, India",F,669350.0,55.937703
"Osmanabad, India",F,185079.0,17.695499
"Dalli-Rajhara, India",F,774804.0,41.677617
"Risod, India",F,858565.0,74.483405
"Pondicherry, India",F,323586.0,100.0
"Godhra, India",M,121637.0,100.0
"Raurkela, India",M,330804.0,31.773248
"Dimapur, India",F,516340.0,40.59532
"Narayanpet, India",F,319275.0,37.129058
"Ranchi, India",F,171586.0,27.697408
"Arambagh, India",M,1093160.0,75.535581
"Nashik, India",M,426809.0,62.672757
"Karaikal, India",M,412571.0,39.975524
"Mahemdabad, India",M,241710.0,24.866925
"Pali, India",F,557077.0,74.354261
"Malappuram, India",F,342520.0,73.984793
"Dhoraji, India",F,247962.0,97.961844
"Pihani, India",F,288653.0,26.048376
"Gobindgarh, India",M,642329.0,55.531022
"Shimla, India",F,148089.0,17.746856
"Samalkot, India",F,154403.0,48.876402
"Malavalli, India",F,441862.0,92.295513
"Bhongir, India",F,487234.0,34.18061
"Arwal, India",F,407504.0,69.836797
"Ramachandrapuram, India",M,1036899.0,100.0
"Parbhani, India",M,15994.0,4.206445
"Vapi, India",M,324325.0,29.11907
"Bhiwani, India",F,98053.0,35.704844
"Greater Mumbai, India",F,337617046.0,58.537699
"Sundargarh, India",M,467308.0,68.739657
"Hubli-Dharwad, India",F,809052.0,58.648418
"Mathura, India",F,257906.0,56.104575
"Mokokchung, India",F,567093.0,30.062197
"Mulbagal, India",M,260448.0,79.226377
"Kothagudem, India",F,427147.0,72.25769
"Yellandu, India",M,648018.0,46.291364
"Mundi, India",M,136854.0,38.000011
"Kendujhar, India",M,470214.0,55.47783
"Kurnool, India",M,1082165.0,57.376166
"Shamli, India",M,210334.0,64.732096
"Kavali, India",F,257602.0,26.295658
"Mainaguri, India",F,512339.0,46.732273
"Losal, India",F,143875.0,22.886125
"Kollam, India",F,440989.0,48.331481
"Tirupati, India",M,191754.0,50.489348
"Sadasivpet, India",F,258961.0,26.541319
"Palacole, India",M,657152.0,45.362749
"Shajapur, India",F,66411.0,6.338415
"Raipur, India",F,182502.0,20.375439
"Kamareddy, India",F,352000.0,100.0
"Gopalganj, India",F,296476.0,49.142057
"Kozhikode, India",F,224881.0,21.556802
"Panchkula, India",M,676830.0,100.0
"Korba, India",M,951168.0,50.885851
"Koyilandy, India",F,816549.0,59.483757
"Shahpura, India",M,1024427.0,88.619479
"Mira-Bhayandar, India",M,125738.0,18.824913
"Kharar, India",M,776341.0,58.807786
"Jamnagar, India",F,301793.0,21.540856
"Pattukkottai, India",M,53749.0,4.914832
"Rishikesh, India",M,820122.0,70.963409
"Pattamundai, India",M,249015.0,36.472942
"Bhadrachalam, India",M,895052.0,78.960011
"Patan, India",F,340485.0,64.226335
"Sangole, India",F,295254.0,70.100454
"Mangaluru, India",M,338392.0,31.942728
"Usilampatti, India",M,229964.0,33.781522
"Pehowa, India",M,642159.0,56.204214
"Lakhimpur, India",M,1043556.0,81.035144
"Punalur, India",M,469119.0,54.427082
"Nagpur, India",M,142369.0,18.038243
"Adoni, India",M,581613.0,36.919487
"Sardarshahar, India",F,42155.0,6.334049
"Mihijam, India",M,886112.0,83.853995
"Seoni, India",F,415529.0,42.179947
"Ramanagaram, India",M,392459.0,49.378085
"Medininagar (Daltonganj), India",F,399043.0,26.16895
"Navi Mumbai, India",M,839131.0,65.032984
"Katihar, India",M,41845.0,8.862837
"Sehore, India",M,1203726.0,83.823295
"Shrirampur, India",F,246098.0,42.377571
"Alwar, India",F,285142.0,36.072645
"Rajpura, India",M,97925.0,19.461303
"Ramgarh, India",F,186581.0,57.260309
"Murwara (Katni), India",F,378567.0,70.189747
"Sawai Madhopur, India",F,607614.0,69.11058
"Ratangarh, India",M,822533.0,79.133843
"Tenali, India",F,522370.0,52.957862
"Davanagere, India",F,333262.0,19.466897
"Anantapur, India",M,789050.0,100.0
"Amroha, India",F,419149.0,50.424243
"Shahabad Hardoi, India",F,219058.0,25.047881
"Surat, India",M,56024792.0,48.935868
"Warora, India",M,473693.0,49.324472
"Morshi, India",M,424197.0,47.94828
"Tiruvuru, India",M,751853.0,57.708774
"Jaggaiahpet, India",M,27516.0,4.581784
"Dehradun, India",F,829390.0,82.170541
"Sabalgarh, India",M,104886.0,35.956681
"Ranipet, India",M,454896.0,100.0
"Lumding, India",M,134260.0,28.205704
"Yavatmal, India",F,317265.0,26.426857
"Baripada Town, India",M,477126.0,42.382078
"Barnala, India",F,527156.0,70.887458
"Itarsi, India",F,838501.0,92.850878
"Varkala, India",F,447916.0,55.473664
"Ashok Nagar, India",F,761165.0,51.305201
"Pune, India",M,54786609.0,50.118597
"Kaithal, India",M,333093.0,27.545807
"Warisaliganj, India",M,468504.0,100.0
"Solan, India",M,510747.0,64.590934
"Durg, India",M,68011.0,26.187789
"Periyasemur, India",M,619096.0,43.264472
"Uthamapalayam, India",F,246291.0,57.905044
"Dhubri, India",F,256235.0,23.257006
"Mahnar Bazar, India",F,378190.0,34.597774
"Thanjavur, India",F,665126.0,64.754577
"Rahuri, India",F,377709.0,70.79672
"Taliparamba, India",M,623015.0,60.026784
"Hardoi , India",F,180612.0,41.449583
"Yamunanagar, India",M,288748.0,26.722737
"Bapatla, India",M,88041.0,36.430708
"Patti, India",M,253595.0,66.528936
"Neem-Ka-Thana, India",M,798337.0,60.383964
"Lakshmeshwar, India",F,759601.0,73.571384
"Tinsukia, India",M,260229.0,41.971268
"Una, India",M,441798.0,64.241717
"Nainital, India",M,677848.0,40.362919
"Jalandhar, India",M,719354.0,45.08222
"Lahar, India",M,672858.0,66.674065
"Nagaur, India",F,668872.0,38.286497
"Lunglei, India",M,205161.0,13.278994
"Saunda, India",F,496376.0,26.662641
"Amreli, India",F,502455.0,64.525429
"Sasvad, India",F,528779.0,100.0
"Gohana, India",F,501943.0,97.355395
"Wankaner, India",M,235458.0,48.616505
"Yerraguntla, India",F,263591.0,36.205118
"Bharuch, India",M,578710.0,41.069389
