city,gender,total_spend
"Achalpur, India",F,860976.0
"Achalpur, India",M,745665.0
"Adilabad, India",F,1164430.0
"Adilabad, India",M,605034.0
"Adityapur, India",F,506773.0
"Adityapur, India",M,457220.0
"Adoni, India",F,993742.0
"Adoni, India",M,581613.0
"Adoor, India",M,330288.0
"Adoor, India",F,317437.0
"Afzalpur, India",F,725277.0
"Afzalpur, India",M,139533.0
"Agartala, India",M,636562.0
"Agra, India",M,285895.0
"Ahmedabad, India",F,319172275.0
"Ahmedabad, India",M,248622035.0
"Ahmednagar, India",M,234994.0
"Ahmednagar, India",F,140295.0
"Aizawl, India",M,891844.0
"Aizawl, India",F,167467.0
"Ajmer, India",F,414713.0
"Ajmer, India",M,45784.0
"Akola, India",F,929075.0
"Akola, India",M,625494.0
"Akot, India",F,359000.0
"Akot, India",M,161454.0
"Alappuzha, India",F,771794.0
"Alappuzha, India",M,20920.0
"Aligarh, India",F,952360.0
"Aligarh, India",M,408948.0
"Alipurduar, India",M,732474.0
"Alipurduar, India",F,438232.0
"Alirajpur, India",M,166684.0
"Allahabad, India",M,572194.0
"Allahabad, India",F,337841.0
"Alwar, India",M,505324.0
"Alwar, India",F,285142.0
"Amalapuram, India",M,821959.0
"Amalapuram, India",F,335138.0
"Amalner, India",F,727200.0
"Ambejogai, India",F,997567.0
"Ambejogai, India",M,4348.0
"Ambikapur, India",F,687416.0
"Ambikapur, India",M,66146.0
"Amravati, India",F,993020.0
"Amravati, India",M,123347.0
"Amreli, India",F,502455.0
"Amreli, India",M,276238.0
"Amritsar, India",M,476299.0
"Amritsar, India",F,11130.0
"Amroha, India",F,419149.0
"Amroha, India",M,412096.0
"Anakapalle, India",M,492117.0
"Anakapalle, India",F,66672.0
"Anand, India",M,353677.0
"Anand, India",F,242841.0
"Anantapur, India",M,789050.0
"Anantnag, India",F,271565.0
"Anantnag, India",M,238207.0
"Anjangaon, India",M,673069.0
"Anjangaon, India",F,554210.0
"Anjar, India",F,207628.0
"Anjar, India",M,179660.0
"Ankleshwar, India",M,532960.0
"Ankleshwar, India",F,152070.0
"Arakkonam, India",F,387526.0
"Arakkonam, India",M,252321.0
"Arambagh, India",M,1093160.0
"Arambagh, India",F,354052.0
"Araria, India",F,760937.0
"Araria, India",M,58306.0
"Arrah, India",M,312418.0
"Arrah, India",F,178035.0
"Arsikere, India",F,812375.0
"Arsikere, India",M,655587.0
"Aruppukkottai, India",M,553782.0
"Aruppukkottai, India",F,280721.0
"Arvi, India",M,472915.0
"Arvi, India",F,354720.0
"Arwal, India",F,407504.0
"Arwal, India",M,176005.0
"Asansol, India",M,562762.0
"Asansol, India",F,539265.0
"Ashok Nagar, India",F,761165.0
"Ashok Nagar, India",M,722437.0
"Athni, India",M,489314.0
"Athni, India",F,462634.0
"Attingal, India",M,140430.0
"Aurangabad, India",M,1472606.0
"Aurangabad, India",F,474630.0
"Azamgarh, India",M,71855.0
"Azamgarh, India",F,30349.0
"Bagaha, India",F,224207.0
"Bahadurgarh, India",M,524331.0
"Bahadurgarh, India",F,156494.0
"Baharampur, India",M,966442.0
"Baharampur, India",F,102646.0
"Bahraich, India",M,23010.0
"Bahraich, India",F,1243.0
"Balaghat, India",M,636122.0
"Balaghat, India",F,133987.0
"Balangir, India",M,258424.0
"Balangir, India",F,172504.0
"Baleshwar Town, India",M,783954.0
"Baleshwar Town, India",F,220769.0
"Ballari, India",F,684874.0
"Ballari, India",M,274725.0
"Balurghat, India",F,414702.0
"Balurghat, India",M,212819.0
"Bankura, India",M,621870.0
"Bankura, India",F,239944.0
"Bapatla, India",F,153626.0
"Bapatla, India",M,88041.0
"Baramula, India",M,934691.0
"Baramula, India",F,858243.0
"Barbil, India",F,913416.0
"Barbil, India",M,233669.0
"Bargarh, India",F,257942.0
"Bargarh, India",M,187593.0
"Baripada Town, India",F,648647.0
"Baripada Town, India",M,477126.0
"Barnala, India",F,527156.0
"Barnala, India",M,216496.0
"Barpeta, India",M,559091.0
"Barpeta, India",F,387773.0
"Batala, India",F,700580.0
"Batala, India",M,519090.0
"Bathinda, India",M,1836829.0
"Bathinda, India",F,930780.0
"Begusarai, India",M,382544.0
"Begusarai, India",F,139827.0
"Belagavi, India",M,684988.0
"Belagavi, India",F,632518.0
"Bellampalle, India",F,718902.0
"Bellampalle, India",M,274519.0
"Bengaluru, India",F,331198446.0
"Bengaluru, India",M,241128293.0
"Bettiah, India",M,353056.0
"Bhabua, India",M,788921.0
"Bhabua, India",F,460002.0
"Bhadrachalam, India",M,895052.0
"Bhadrachalam, India",F,238499.0
"Bhadrak, India",M,1198486.0
"Bhadrak, India",F,636679.0
"Bhagalpur, India",F,415201.0
"Bhagalpur, India",M,216540.0
"Bhainsa, India",M,556451.0
"Bhainsa, India",F,422272.0
"Bharatpur, India",M,932817.0
"Bharatpur, India",F,492675.0
"Bharuch, India",F,830393.0
"Bharuch, India",M,578710.0
"Bhatapara, India",M,257981.0
"Bhatapara, India",F,214579.0
"Bhavnagar, India",F,511492.0
"Bhavnagar, India",M,218523.0
"Bhawanipatna, India",F,174346.0
"Bheemunipatnam, India",F,789254.0
"Bheemunipatnam, India",M,381518.0
"Bhilai Nagar, India",F,702588.0
"Bhilai Nagar, India",M,303637.0
"Bhilwara, India",M,693869.0
"Bhilwara, India",F,230043.0
"Bhimavaram, India",M,232488.0
"Bhimavaram, India",F,200793.0
"Bhiwandi, India",M,308775.0
"Bhiwandi, India",F,249111.0
"Bhiwani, India",M,176568.0
"Bhiwani, India",F,98053.0
"Bhongir, India",M,938235.0
"Bhongir, India",F,487234.0
"Bhopal, India",M,500891.0
"Bhubaneswar, India",M,699280.0
"Bhuj, India",F,718604.0
"Bhuj, India",M,542026.0
"Bikaner, India",F,892066.0
"Bikaner, India",M,533001.0
"Bilaspur, India",F,374146.0
"Bilaspur, India",M,69069.0
"Bobbili, India",M,381084.0
"Bobbili, India",F,111078.0
"Bodhan, India",F,641644.0
"Bodhan, India",M,327626.0
"Bokaro Steel City, India",M,859773.0
"Bongaigaon City, India",M,494984.0
"Bongaigaon City, India",F,487156.0
"Brahmapur, India",M,336934.0
"Brahmapur, India",F,202199.0
"Buxar, India",F,832978.0
"Buxar, India",M,324160.0
"Byasanagar, India",F,643057.0
"Byasanagar, India",M,354241.0
"Chaibasa, India",F,383964.0
"Chaibasa, India",M,279860.0
"Chalakudy, India",F,340416.0
"Chalakudy, India",M,227457.0
"Chandausi, India",F,432123.0
"Chandigarh, India",F,296595.0
"Chandigarh, India",M,135638.0
"Changanassery, India",M,30074.0
"Charkhi Dadri, India",M,1072416.0
"Charkhi Dadri, India",F,386963.0
"Chatra, India",M,866024.0
"Chatra, India",F,168316.0
"Chennai, India",M,59417875.0
"Chennai, India",F,55312725.0
"Cherthala, India",M,403373.0
"Cherthala, India",F,203426.0
"Chikkamagaluru, India",F,427124.0
"Chilakaluripet, India",F,1078886.0
"Chilakaluripet, India",M,466423.0
"Chirala, India",M,666342.0
"Chirala, India",F,169300.0
"Chirkunda, India",F,246475.0
"Chirkunda, India",M,246140.0
"Chirmiri, India",F,916724.0
"Chirmiri, India",M,223436.0
"Chittoor, India",M,561861.0
"Chittoor, India",F,414712.0
"Chittur-Thathamangalam, India",M,446481.0
"Chittur-Thathamangalam, India",F,355379.0
"Cuttack, India",M,539386.0
"Cuttack, India",F,373231.0
"Dalli-Rajhara, India",M,1084237.0
"Dalli-Rajhara, India",F,774804.0
"Darbhanga, India",F,1108569.0
"Darbhanga, India",M,617921.0
"Darjiling, India",F,859471.0
"Davanagere, India",M,1378680.0
"Davanagere, India",F,333262.0
"Deesa, India",F,524557.0
"Dehradun, India",F,829390.0
"Dehradun, India",M,179962.0
"Dehri-on-Sone, India",F,876361.0
"Dehri-on-Sone, India",M,512741.0
"Delhi, India",F,323692299.0
"Delhi, India",M,233236913.0
"Deoghar, India",M,691926.0
"Deoghar, India",F,267871.0
"Dhamtari, India",M,425241.0
"Dhanbad, India",F,666403.0
"Dhanbad, India",M,209161.0
"Dharmanagar, India",M,666385.0
"Dharmanagar, India",F,339416.0
"Dharmavaram, India",F,486448.0
"Dharmavaram, India",M,13240.0
"Dhenkanal, India",M,300810.0
"Dhenkanal, India",F,137315.0
"Dhoraji, India",F,247962.0
"Dhoraji, India",M,5159.0
"Dhubri, India",M,845519.0
"Dhubri, India",F,256235.0
"Dhule, India",F,597511.0
"Dhule, India",M,365149.0
"Dhuri, India",F,577248.0
"Dhuri, India",M,320903.0
"Dibrugarh, India",M,967965.0
"Dibrugarh, India",F,161448.0
"Dimapur, India",M,755580.0
"Dimapur, India",F,516340.0
"Diphu, India",F,1142561.0
"Diphu, India",M,854325.0
"Dumka, India",M,569999.0
"Dumka, India",F,315039.0
"Dumraon, India",M,766259.0
"Dumraon, India",F,350592.0
"Durg, India",F,191694.0
"Durg, India",M,68011.0
"Eluru, India",M,292945.0
"Eluru, India",F,273460.0
"English Bazar, India",F,460634.0
"English Bazar, India",M,61694.0
"Erode, India",M,790371.0
"Erode, India",F,556749.0
"Etawah, India",M,489643.0
"Etawah, India",F,400211.0
"Faridabad, India",F,452632.0
"Faridabad, India",M,354815.0
"Faridkot, India",M,537178.0
"Faridkot, India",F,199089.0
"Farooqnagar, India",M,880428.0
"Farooqnagar, India",F,164870.0
"Fatehabad, India",M,496636.0
"Fatehabad, India",F,283130.0
"Fatehpur Sikri, India",M,1766579.0
"Fatehpur Sikri, India",F,437797.0
"Fazilka, India",M,14949.0
"Firozabad, India",M,549864.0
"Firozabad, India",F,156314.0
"Firozpur Cantt., India",F,656410.0
"Firozpur Cantt., India",M,383689.0
"Firozpur, India",F,389791.0
"Forbesganj, India",M,169036.0
"Forbesganj, India",F,162395.0
"Gadwal, India",M,588210.0
"Gadwal, India",F,124848.0
"Gangarampur, India",M,907327.0
"Gangarampur, India",F,345278.0
"Ganjbasoda, India",M,223901.0
"Gaya, India",F,496865.0
"Gaya, India",M,45674.0
"Giridih, India",M,646332.0
"Giridih, India",F,301185.0
"Goalpara, India",F,688723.0
"Goalpara, India",M,107504.0
"Gobichettipalayam, India",F,1082726.0
"Gobichettipalayam, India",M,259968.0
"Gobindgarh, India",M,642329.0
"Gobindgarh, India",F,514374.0
"Godhra, India",M,121637.0
"Gohana, India",F,501943.0
"Gohana, India",M,13635.0
"Gokak, India",F,711725.0
"Gokak, India",M,685549.0
"Gooty, India",M,258116.0
"Gooty, India",F,249570.0
"Gopalganj, India",M,306828.0
"Gopalganj, India",F,296476.0
"Greater Mumbai, India",F,337617046.0
"Greater Mumbai, India",M,239134430.0
"Gudivada, India",M,1015533.0
"Gudur, India",M,764409.0
"Gudur, India",F,317992.0
"Gumia, India",M,477428.0
"Gumia, India",F,398347.0
"Guntakal, India",M,163663.0
"Guntakal, India",F,61223.0
"Guntur, India",M,651742.0
"Guntur, India",F,319918.0
"Gurdaspur, India",M,405490.0
"Gurdaspur, India",F,344307.0
"Gurgaon, India",M,1510705.0
"Gurgaon, India",F,448393.0
"Guwahati, India",M,691251.0
"Guwahati, India",F,539165.0
"Gwalior, India",F,634118.0
"Gwalior, India",M,612913.0
"Habra, India",M,694448.0
"Habra, India",F,306025.0
"Hajipur, India",M,960629.0
"Hajipur, India",F,626698.0
"Haldwani-cum-Kathgodam, India",F,713392.0
"Haldwani-cum-Kathgodam, India",M,490578.0
"Hansi, India",M,545453.0
"Hapur, India",F,638247.0
"Hapur, India",M,305694.0
"Hardoi , India",M,255127.0
"Hardoi , India",F,180612.0
"Hardwar, India",M,559430.0
"Hardwar, India",F,392057.0
"Hazaribag, India",F,498344.0
"Hazaribag, India",M,237313.0
"Hindupur, India",M,892076.0
"Hindupur, India",F,214362.0
"Hisar, India",F,1518970.0
"Hisar, India",M,222834.0
"Hoshiarpur, India",F,431053.0
"Hoshiarpur, India",M,161392.0
"Hubli-Dharwad, India",F,809052.0
"Hubli-Dharwad, India",M,570443.0
"Hugli-Chinsurah, India",M,171822.0
"Hyderabad, India",M,57364305.0
"Hyderabad, India",F,57129172.0
"Ichalkaranji, India",F,714799.0
"Ichalkaranji, India",M,525474.0
"Imphal, India",M,820334.0
"Imphal, India",F,713467.0
"Indore, India",F,505100.0
"Indore, India",M,267669.0
"Itarsi, India",F,838501.0
"Itarsi, India",M,64561.0
"Jabalpur, India",F,358290.0
"Jabalpur, India",M,231964.0
"Jagdalpur, India",M,1063847.0
"Jagdalpur, India",F,762144.0
"Jaggaiahpet, India",F,573036.0
"Jaggaiahpet, India",M,27516.0
"Jagraon, India",F,811024.0
"Jagraon, India",M,740473.0
"Jagtial, India",F,904531.0
"Jagtial, India",M,254885.0
"Jaipur, India",F,57727519.0
"Jaipur, India",M,53409336.0
"Jalandhar Cantt., India",F,553771.0
"Jalandhar Cantt., India",M,256052.0
"Jalandhar, India",F,876295.0
"Jalandhar, India",M,719354.0
"Jalpaiguri, India",F,722298.0
"Jamalpur, India",M,649476.0
"Jamalpur, India",F,264226.0
"Jammalamadugu, India",F,1131466.0
"Jammalamadugu, India",M,735879.0
"Jammu, India",M,946778.0
"Jammu, India",F,865024.0
"Jamnagar, India",M,1099233.0
"Jamnagar, India",F,301793.0
"Jamshedpur, India",M,1053491.0
"Jamshedpur, India",F,579231.0
"Jamui, India",M,562659.0
"Jamui, India",F,431811.0
"Jangaon, India",F,1206850.0
"Jatani, India",M,603955.0
"Jatani, India",F,295348.0
"Jehanabad, India",F,327508.0
"Jehanabad, India",M,271848.0
"Jhansi, India",M,1201679.0
"Jhansi, India",F,910910.0
"Jhargram, India",M,732270.0
"Jhargram, India",F,499531.0
"Jharsuguda, India",F,228748.0
"Jharsuguda, India",M,26412.0
"Jhumri Tilaiya, India",M,420081.0
"Jhumri Tilaiya, India",F,244127.0
"Jind, India",F,1227668.0
"Jind, India",M,959584.0
"Jodhpur, India",F,422177.0
"Jodhpur, India",M,350182.0
"Jorhat, India",F,827258.0
"Jorhat, India",M,554869.0
"Kadapa, India",M,1181793.0
"Kadapa, India",F,565466.0
"Kadi, India",M,913505.0
"Kadi, India",F,14611.0
"Kadiri, India",M,175547.0
"Kadiri, India",F,5888.0
"Kagaznagar, India",F,376354.0
"Kagaznagar, India",M,221464.0
"Kaithal, India",F,876140.0
"Kaithal, India",M,333093.0
"Kakinada, India",M,502365.0
"Kakinada, India",F,437365.0
"Kalimpong, India",M,576649.0
"Kalimpong, India",F,188333.0
"Kalpi, India",F,761643.0
"Kalpi, India",M,37778.0
"Kalyan-Dombivali, India",F,1525143.0
"Kalyan-Dombivali, India",M,911777.0
"Kamareddy, India",F,352000.0
"Kancheepuram, India",M,335280.0
"Kancheepuram, India",F,227098.0
"Kandukur, India",F,404319.0
"Kandukur, India",M,374361.0
"Kanhangad, India",M,267068.0
"Kanhangad, India",F,227071.0
"Kannur, India",F,868331.0
"Kannur, India",M,136068.0
"Kanpur, India",F,59832225.0
"Kanpur, India",M,54538307.0
"Kapadvanj, India",M,337199.0
"Kapadvanj, India",F,167425.0
"Kapurthala, India",F,1230263.0
"Kapurthala, India",M,353074.0
"Karaikal, India",F,619488.0
"Karaikal, India",M,412571.0
"Karimganj, India",M,810506.0
"Karimganj, India",F,148204.0
"Karimnagar, India",M,380657.0
"Karimnagar, India",F,113243.0
"Karjat, India",F,377101.0
"Karjat, India",M,269258.0
"Karnal, India",F,588223.0
"Karnal, India",M,163528.0
"Karur, India",F,518589.0
"Karur, India",M,42075.0
"Karwar, India",M,512477.0
"Karwar, India",F,490926.0
"Kasaragod, India",F,431880.0
"Kasaragod, India",M,324485.0
"Kashipur, India",M,844453.0
"Kashipur, India",F,174310.0
"Kathua, India",M,541276.0
"Katihar, India",F,430295.0
"Katihar, India",M,41845.0
"Kavali, India",M,722035.0
"Kavali, India",F,257602.0
"Kayamkulam, India",M,760600.0
"Kayamkulam, India",F,404836.0
"Kendrapara, India",F,571923.0
"Kendrapara, India",M,393640.0
"Kendujhar, India",M,470214.0
"Kendujhar, India",F,377357.0
"Keshod, India",F,325485.0
"Keshod, India",M,198532.0
"Khair, India",F,865721.0
"Khair, India",M,616627.0
"Khambhat, India",F,702256.0
"Khambhat, India",M,262776.0
"Khammam, India",M,331434.0
"Khammam, India",F,246978.0
"Khanna, India",M,785874.0
"Khanna, India",F,208513.0
"Kharagpur, India",M,658826.0
"Kharagpur, India",F,556640.0
"Kharar, India",M,776341.0
"Kharar, India",F,543792.0
"Kishanganj, India",F,460639.0
"Kishanganj, India",M,181613.0
"Kochi, India",M,891123.0
"Kochi, India",F,124016.0
"Kodungallur, India",M,917079.0
"Kodungallur, India",F,456739.0
"Kohima, India",F,581803.0
"Kohima, India",M,362307.0
"Kolar, India",F,950031.0
"Kolar, India",M,249549.0
"Kolkata, India",M,62257704.0
"Kolkata, India",F,53209239.0
"Kollam, India",M,471437.0
"Kollam, India",F,440989.0
"Koratla, India",F,859775.0
"Koratla, India",M,692390.0
"Korba, India",M,951168.0
"Korba, India",F,918051.0
"Kot Kapura, India",F,551232.0
"Kot Kapura, India",M,223668.0
"Kothagudem, India",F,427147.0
"Kothagudem, India",M,163997.0
"Kottayam, India",M,946381.0
"Kottayam, India",F,421854.0
"Kovvur, India",M,550860.0
"Kovvur, India",F,207588.0
"Koyilandy, India",F,816549.0
"Koyilandy, India",M,556177.0
"Kozhikode, India",M,818321.0
"Kozhikode, India",F,224881.0
"Kunnamkulam, India",F,745646.0
"Kunnamkulam, India",M,540379.0
"Kurnool, India",M,1082165.0
"Kurnool, India",F,803923.0
"Kyathampalle, India",M,525264.0
"Kyathampalle, India",F,103612.0
"Lachhmangarh, India",F,436615.0
"Lachhmangarh, India",M,38795.0
"Ladnu, India",F,245422.0
"Ladnu, India",M,134939.0
"Ladwa, India",M,733329.0
"Ladwa, India",F,172528.0
"Lahar, India",M,672858.0
"Lahar, India",F,336317.0
"Laharpur, India",M,633266.0
"Laharpur, India",F,318957.0
"Lakheri, India",F,841278.0
"Lakheri, India",M,538638.0
"Lakhimpur, India",M,1043556.0
"Lakhimpur, India",F,244226.0
"Lakhisarai, India",M,419744.0
"Lakhisarai, India",F,121495.0
"Lakshmeshwar, India",F,759601.0
"Lakshmeshwar, India",M,272867.0
"Lal Gopalganj Nindaura, India",M,373081.0
"Lal Gopalganj Nindaura, India",F,250759.0
"Lalitpur, India",F,848581.0
"Lalsot, India",M,643419.0
"Lalsot, India",F,517223.0
"Lanka, India",F,794454.0
"Lanka, India",M,733318.0
"Lar, India",F,291559.0
"Lar, India",M,174883.0
"Latur, India",F,140231.0
"Latur, India",M,70008.0
"Limbdi, India",M,588087.0
"Limbdi, India",F,45480.0
"Lingsugur, India",F,581225.0
"Lingsugur, India",M,124838.0
"Lonavla, India",M,536537.0
"Lonavla, India",F,77090.0
"Loni, India",F,649566.0
"Loni, India",M,613942.0
"Losal, India",M,484781.0
"Losal, India",F,143875.0
"Lucknow, India",M,57922207.0
"Lucknow, India",F,57412269.0
"Ludhiana, India",M,548573.0
"Ludhiana, India",F,379152.0
"Lumding, India",F,341743.0
"Lumding, India",M,134260.0
"Lunawada, India",M,596516.0
"Lunawada, India",F,523362.0
"Lunglei, India",F,1339843.0
"Lunglei, India",M,205161.0
"Macherla, India",M,453018.0
"Macherla, India",F,373755.0
"Machilipatnam, India",M,779491.0
"Machilipatnam, India",F,728300.0
"Madanapalle, India",M,504103.0
"Madanapalle, India",F,162896.0
"Maddur, India",F,989157.0
"Maddur, India",M,719447.0
"Madhepura, India",F,340335.0
"Madhepura, India",M,58075.0
"Madhubani, India",M,752289.0
"Madhubani, India",F,545868.0
"Madhugiri, India",M,796637.0
"Madhugiri, India",F,71537.0
"Madhupur, India",M,549199.0
"Madhupur, India",F,203199.0
"Madikeri, India",M,1012722.0
"Madikeri, India",F,14510.0
"Madurai, India",M,297841.0
"Madurai, India",F,181541.0
"Mahalingapura, India",F,498609.0
"Mahalingapura, India",M,79643.0
"Mahasamund, India",M,1208391.0
"Mahasamund, India",F,566314.0
"Mahbubnagar, India",F,15458.0
"Mahe, India",M,761815.0
"Mahe, India",F,226939.0
"Mahemdabad, India",F,730304.0
"Mahemdabad, India",M,241710.0
"Mahesana, India",F,1127572.0
"Mahesana, India",M,330007.0
"Mahidpur, India",M,167116.0
"Mahnar Bazar, India",M,714915.0
"Mahnar Bazar, India",F,378190.0
"Mahuva, India",M,726683.0
"Mahuva, India",F,344231.0
"Maihar, India",F,945189.0
"Maihar, India",M,911419.0
"Mainaguri, India",M,583989.0
"Mainaguri, India",F,512339.0
"Makhdumpur, India",F,679649.0
"Makhdumpur, India",M,593385.0
"Makrana, India",F,396453.0
"Makrana, India",M,210262.0
"Malaj Khand, India",F,317540.0
"Malaj Khand, India",M,140839.0
"Malappuram, India",F,342520.0
"Malappuram, India",M,120440.0
"Malavalli, India",F,441862.0
"Malavalli, India",M,36885.0
"Malegaon, India",F,848192.0
"Malegaon, India",M,791280.0
"Malerkotla, India",F,669542.0
"Malerkotla, India",M,159270.0
"Malkapur, India",F,496548.0
"Malout, India",F,441363.0
"Malout, India",M,120093.0
"Malpura, India",M,913344.0
"Malpura, India",F,407714.0
"Malur, India",M,285077.0
"Malur, India",F,200025.0
"Manavadar, India",F,322994.0
"Manavadar, India",M,200379.0
"Mancherial, India",F,589482.0
"Mancherial, India",M,518818.0
"Mandamarri, India",F,87618.0
"Mandamarri, India",M,44615.0
"Mandapeta, India",M,736697.0
"Mandi Dabwali, India",F,282540.0
"Mandi, India",F,530526.0
"Mandi, India",M,331384.0
"Mandideep, India",F,1022032.0
"Mandideep, India",M,744060.0
"Mandla, India",F,1073531.0
"Mandla, India",M,973505.0
"Mandsaur, India",F,523066.0
"Mandsaur, India",M,277928.0
"Mandvi, India",F,1015628.0
"Mandvi, India",M,804171.0
"Mandya, India",F,328124.0
"Mandya, India",M,234215.0
"Manendragarh, India",M,514281.0
"Maner, India",F,559076.0
"Maner, India",M,551735.0
"Mangaluru, India",F,720979.0
"Mangaluru, India",M,338392.0
"Manglaur, India",M,449705.0
"Manglaur, India",F,352616.0
"Mangrol, India",M,1028771.0
"Mangrol, India",F,418736.0
"Mangrulpir, India",M,707423.0
"Mangrulpir, India",F,404259.0
"Manjlegaon, India",M,611917.0
"Manjlegaon, India",F,543285.0
"Mankachar, India",F,859110.0
"Mankachar, India",M,115372.0
"Manmad, India",M,640343.0
"Manmad, India",F,234400.0
"Mansa, India",M,842714.0
"Mansa, India",F,279739.0
"Manuguru, India",M,305569.0
"Manuguru, India",F,224343.0
"Manvi, India",F,464527.0
"Manvi, India",M,225717.0
"Manwath, India",F,516824.0
"Manwath, India",M,56732.0
"Mapusa, India",M,316964.0
"Mapusa, India",F,121587.0
"Margao, India",M,1692843.0
"Margao, India",F,369098.0
"Markapur, India",F,852817.0
"Markapur, India",M,221033.0
"Marmagao, India",F,629169.0
"Marmagao, India",M,561272.0
"Masaurhi, India",M,593639.0
"Masaurhi, India",F,96825.0
"Mathura, India",F,257906.0
"Mathura, India",M,201782.0
"Mattannur, India",M,890321.0
"Mattannur, India",F,577446.0
"Mavelikkara, India",F,351041.0
"Mavelikkara, India",M,232560.0
"Mavoor, India",F,277935.0
"Mavoor, India",M,190832.0
"Medak, India",F,630059.0
"Medak, India",M,300850.0
"Medininagar (Daltonganj), India",M,1125829.0
"Medininagar (Daltonganj), India",F,399043.0
"Medinipur, India",F,561473.0
"Medinipur, India",M,497484.0
"Meerut, India",M,555726.0
"Meerut, India",F,249478.0
"Mehkar, India",F,478855.0
"Mehkar, India",M,412643.0
"Memari, India",M,226742.0
"Memari, India",F,45446.0
"Merta City, India",M,427130.0
"Merta City, India",F,386941.0
"Mhow Cantonment, India",M,634329.0
"Mhow Cantonment, India",F,583934.0
"Mihijam, India",M,886112.0
"Mihijam, India",F,170620.0
"Mira-Bhayandar, India",F,542196.0
"Mira-Bhayandar, India",M,125738.0
"Miryalaguda, India",F,352278.0
"Miryalaguda, India",M,103133.0
"Modasa, India",F,995500.0
"Modasa, India",M,710864.0
"Modinagar, India",M,642762.0
"Moga, India",F,512449.0
"Moga, India",M,326189.0
"Mohali, India",M,1339494.0
"Mohali, India",F,352918.0
"Mokameh, India",F,461308.0
"Mokameh, India",M,246973.0
"Mokokchung, India",M,1319306.0
"Mokokchung, India",F,567093.0
"Moradabad, India",M,892583.0
"Moradabad, India",F,379842.0
"Morena, India",F,669350.0
"Morena, India",M,527249.0
"Morshi, India",F,460500.0
"Morshi, India",M,424197.0
"Morvi, India",F,329328.0
"Morvi, India",M,116510.0
"Motihari, India",F,1101209.0
"Motihari, India",M,519016.0
"Mudalagi, India",F,510979.0
"Mudalagi, India",M,392681.0
"Muddebihal, India",M,953093.0
"Muddebihal, India",F,709636.0
"Mudhol, India",M,518033.0
"Mudhol, India",F,301910.0
"Muktsar, India",M,606730.0
"Muktsar, India",F,494586.0
"Mulbagal, India",M,260448.0
"Mulbagal, India",F,68291.0
"Mundi, India",F,223288.0
"Mundi, India",M,136854.0
"Mungeli, India",M,615769.0
"Mungeli, India",F,356614.0
"Munger, India",M,507418.0
"Munger, India",F,287717.0
"Murshidabad, India",M,303698.0
"Murshidabad, India",F,212043.0
"Murtijapur, India",F,681767.0
"Murtijapur, India",M,525560.0
"Murwara (Katni), India",F,378567.0
"Murwara (Katni), India",M,160781.0
"Musabani, India",F,746267.0
"Musabani, India",M,403053.0
"Mussoorie, India",M,202987.0
"Muvattupuzha, India",F,842298.0
"Muvattupuzha, India",M,770053.0
"Muzaffarpur, India",M,664358.0
"Muzaffarpur, India",F,419898.0
"Mysore, India",F,541177.0
"Mysore, India",M,10462.0
"Nabadwip, India",M,486810.0
"Nabadwip, India",F,389466.0
"Nabarangapur, India",M,232862.0
"Nabarangapur, India",F,92458.0
"Nabha, India",F,753772.0
"Nabha, India",M,342942.0
"Nadbai, India",F,607191.0
"Nadbai, India",M,542407.0
"Nadiad, India",F,511305.0
"Nadiad, India",M,397759.0
"Nagaon, India",F,628294.0
"Nagaon, India",M,330658.0
"Nagapattinam, India",F,615927.0
"Nagari, India",M,555007.0
"Nagari, India",F,199030.0
"Nagarkurnool, India",M,628720.0
"Nagarkurnool, India",F,277781.0
"Nagaur, India",M,1078146.0
"Nagaur, India",F,668872.0
"Nagda, India",F,455617.0
"Nagda, India",M,409960.0
"Nagercoil, India",F,694389.0
"Nagercoil, India",M,586257.0
"Nagina, India",M,201953.0
"Nagina, India",F,31565.0
"Nagpur, India",F,646893.0
"Nagpur, India",M,142369.0
"Nahan, India",M,735523.0
"Nahan, India",F,587465.0
"Naharlagun, India",M,367307.0
"Naharlagun, India",F,251040.0
"Naidupet, India",F,826379.0
"Naidupet, India",M,299348.0
"Naihati, India",F,912021.0
"Naihati, India",M,546214.0
"Naila Janjgir, India",M,925095.0
"Naila Janjgir, India",F,634282.0
"Nainital, India",F,1001535.0
"Nainital, India",M,677848.0
"Najibabad, India",F,598169.0
"Najibabad, India",M,150811.0
"Nakodar, India",F,205582.0
"Nakodar, India",M,126688.0
"Nalbari, India",M,88914.0
"Nalbari, India",F,6407.0
"Namakkal, India",M,590181.0
"Namakkal, India",F,184125.0
"Nanded-Waghala, India",M,1471003.0
"Nanded-Waghala, India",F,307045.0
"Nandivaram-Guduvancheri, India",M,662522.0
"Nandura, India",M,231015.0
"Nandurbar, India",F,804632.0
"Nandurbar, India",M,379811.0
"Nandyal, India",M,518023.0
"Nandyal, India",F,384958.0
"Nangal, India",F,342517.0
"Nangal, India",M,297182.0
"Nanjangud, India",F,419742.0
"Nanjangud, India",M,261337.0
"Nanjikottai, India",F,666548.0
"Nanjikottai, India",M,188691.0
"Nanpara, India",F,787125.0
"Nanpara, India",M,264598.0
"Narasapuram, India",M,447066.0
"Narasapuram, India",F,57071.0
"Narasaraopet, India",M,398271.0
"Narayanpet, India",M,540631.0
"Narayanpet, India",F,319275.0
"Nargund, India",F,592116.0
"Narkatiaganj, India",M,426663.0
"Narkatiaganj, India",F,267021.0
"Narnaul, India",M,575184.0
"Narnaul, India",F,535933.0
"Narsinghgarh, India",F,1000105.0
"Narsinghgarh, India",M,814396.0
"Narsipatnam, India",M,520159.0
"Narsipatnam, India",F,51190.0
"Narwana, India",F,482394.0
"Narwana, India",M,53858.0
"Nashik, India",M,426809.0
"Nashik, India",F,254203.0
"Nasirabad, India",M,924430.0
"Nasirabad, India",F,711866.0
"Nathdwara, India",M,248349.0
"Nathdwara, India",F,8022.0
"Naugachhia, India",M,703140.0
"Naugachhia, India",F,202659.0
"Naugawan Sadat, India",M,726513.0
"Naugawan Sadat, India",F,508611.0
"Nautanwa, India",M,1660953.0
"Nautanwa, India",F,411597.0
"Navi Mumbai, India",M,839131.0
"Navi Mumbai, India",F,451185.0
"Navsari, India",F,953211.0
"Navsari, India",M,321255.0
"Nawabganj, India",F,248054.0
"Nawabganj, India",M,77812.0
"Nawada, India",F,463565.0
"Nawada, India",M,234734.0
"Nawanshahr, India",M,862159.0
"Nawanshahr, India",F,507095.0
"Nawapur, India",F,571390.0
"Nawapur, India",M,400395.0
"Nedumangad, India",M,667927.0
"Nedumangad, India",F,444605.0
"Neem-Ka-Thana, India",M,798337.0
"Neem-Ka-Thana, India",F,523764.0
"Neemuch, India",M,419819.0
"Neemuch, India",F,259489.0
"Nehtaur, India",F,869864.0
"Nehtaur, India",M,62613.0
"Nelamangala, India",M,513336.0
"Nelamangala, India",F,261120.0
"Nellikuppam, India",F,553708.0
"Nellikuppam, India",M,392740.0
"Nellore, India",F,838433.0
"Nellore, India",M,811593.0
"Nepanagar, India",M,628263.0
"Nepanagar, India",F,516479.0
"New Delhi, India",F,188763.0
"New Delhi, India",M,71446.0
"Neyveli (TS), India",F,676227.0
"Neyveli (TS), India",M,420509.0
"Neyyattinkara, India",M,509594.0
"Neyyattinkara, India",F,420986.0
"Nidadavole, India",F,720200.0
"Nidadavole, India",M,687976.0
"Nilambur, India",M,680928.0
"Nilambur, India",F,358177.0
"Nilanga, India",M,798643.0
"Nilanga, India",F,526389.0
"Nimbahera, India",M,355992.0
"Nimbahera, India",F,117976.0
"Nirmal, India",M,376222.0
"Nirmal, India",F,296534.0
"Nizamabad, India",F,323891.0
"Nizamabad, India",M,303558.0
"Nohar, India",M,425578.0
"Nohar, India",F,171199.0
"Noida, India",M,306913.0
"Noida, India",F,156209.0
"Nokha, India",M,1392402.0
"Nokha, India",F,1017955.0
"Nongstoin, India",M,177453.0
"Nongstoin, India",F,173134.0
"Noorpur, India",M,705939.0
"Noorpur, India",F,358629.0
"North Lakhimpur, India",M,599747.0
"North Lakhimpur, India",F,216232.0
"Nowgong, India",F,549266.0
"Nowgong, India",M,76670.0
"Nuzvid, India",F,1159617.0
"Nuzvid, India",M,368877.0
"Oddanchatram, India",F,1018867.0
"Oddanchatram, India",M,425074.0
"Ongole, India",M,790235.0
"Ongole, India",F,108463.0
"Orai, India",M,880412.0
"Orai, India",F,295636.0
"Osmanabad, India",M,860831.0
"Osmanabad, India",F,185079.0
"Ottappalam, India",M,861957.0
"Ottappalam, India",F,683176.0
"Ozar, India",F,750430.0
"Ozar, India",M,253108.0
"Pachora, India",M,463391.0
"Padra, India",M,979378.0
"Padra, India",F,593417.0
"Padrauna, India",F,1048342.0
"Padrauna, India",M,213026.0
"Paithan, India",F,651417.0
"Paithan, India",M,310085.0
"Pakaur, India",F,281312.0
"Pakaur, India",M,269096.0
"Palacole, India",F,791508.0
"Palacole, India",M,657152.0
"Palakkad, India",F,370340.0
"Palakkad, India",M,48874.0
"Palani, India",F,552819.0
"Palani, India",M,96266.0
"Palanpur, India",F,842306.0
"Palanpur, India",M,396162.0
"Palasa Kasibugga, India",F,1166599.0
"Palasa Kasibugga, India",M,520558.0
"Palghar, India",M,915659.0
"Palghar, India",F,115956.0
"Pali, India",F,557077.0
"Pali, India",M,192143.0
"Palia Kalan, India",F,402626.0
"Palitana, India",M,760469.0
"Palitana, India",F,152766.0
"Palladam, India",M,755145.0
"Palladam, India",F,65142.0
"Palwal, India",M,329704.0
"Palwal, India",F,191409.0
"Palwancha, India",F,606606.0
"Palwancha, India",M,7741.0
"Panaji, India",M,236571.0
"Panaji, India",F,168290.0
"Panchkula, India",M,676830.0
"Pandharkaoda, India",F,715609.0
"Pandharkaoda, India",M,199667.0
"Pandharpur, India",F,1126147.0
"Pandharpur, India",M,464930.0
"Pandhurna, India",F,820243.0
"Pandhurna, India",M,679242.0
"Pandua, India",M,439553.0
"Pandua, India",F,237458.0
"Panipat, India",F,862616.0
"Panipat, India",M,679783.0
"Panna, India",M,89751.0
"Panna, India",F,62595.0
"Panruti, India",F,554854.0
"Panruti, India",M,526846.0
"Panvel, India",F,543489.0
"Panvel, India",M,518245.0
"Pappinisseri, India",F,556922.0
"Pappinisseri, India",M,201233.0
"Paradip, India",F,261358.0
"Paramakudi, India",F,549645.0
"Paramakudi, India",M,157055.0
"Paravoor, India",F,936531.0
"Paravoor, India",M,686907.0
"Parbhani, India",F,364232.0
"Parbhani, India",M,15994.0
"Parlakhemundi, India",F,360020.0
"Parlakhemundi, India",M,272436.0
"Parli, India",F,704626.0
"Parli, India",M,332029.0
"Partur, India",F,524615.0
"Partur, India",M,87368.0
"Parvathipuram, India",M,993009.0
"Parvathipuram, India",F,560980.0
"Pasan, India",F,720487.0
"Pasan, India",M,358045.0
"Paschim Punropara, India",M,789640.0
"Paschim Punropara, India",F,231125.0
"Patan, India",F,340485.0
"Patan, India",M,189648.0
"Pathanamthitta, India",F,317818.0
"Pathanamthitta, India",M,232510.0
"Pathankot, India",F,142686.0
"Pathankot, India",M,16257.0
"Pathri, India",F,797157.0
"Pathri, India",M,397311.0
"Patiala, India",F,676195.0
"Patiala, India",M,165950.0
"Patna, India",F,507114.0
"Patratu, India",M,333744.0
"Patratu, India",F,289003.0
"Pattamundai, India",F,433724.0
"Pattamundai, India",M,249015.0
"Patti, India",M,253595.0
"Patti, India",F,127585.0
"Pattukkottai, India",F,1039859.0
"Pattukkottai, India",M,53749.0
"Pavagada, India",F,824710.0
"Pavagada, India",M,326908.0
"Pedana, India",M,398921.0
"Pedana, India",F,110169.0
"Peddapuram, India",F,326937.0
"Peddapuram, India",M,311625.0
"Pehowa, India",M,642159.0
"Pehowa, India",F,500387.0
"Pen, India",M,491332.0
"Pen, India",F,264358.0
"Perambalur, India",M,731796.0
"Perambalur, India",F,500485.0
"Peringathur, India",M,271990.0
"Peringathur, India",F,222498.0
"Perinthalmanna, India",F,312267.0
"Perinthalmanna, India",M,227264.0
"Periyakulam, India",M,858086.0
"Periyakulam, India",F,291046.0
"Periyasemur, India",F,811861.0
"Periyasemur, India",M,619096.0
"Pernampattu, India",F,806322.0
"Pernampattu, India",M,92039.0
"Perumbavoor, India",F,425778.0
"Perumbavoor, India",M,181262.0
"Petlad, India",M,721259.0
"Petlad, India",F,123255.0
"Phagwara, India",M,1148725.0
"Phagwara, India",F,107822.0
"Phalodi, India",F,1038003.0
"Phalodi, India",M,694622.0
"Phaltan, India",F,480802.0
"Phaltan, India",M,105409.0
"Phulabani, India",F,1510057.0
"Phulabani, India",M,41722.0
"Phusro, India",M,323124.0
"Phusro, India",F,199865.0
"Pihani, India",M,819489.0
"Pihani, India",F,288653.0
"Pilani, India",F,955989.0
"Pilani, India",M,437535.0
"Pilibanga, India",F,194219.0
"Pilibhit, India",F,441502.0
"Pilibhit, India",M,71014.0
"Pilkhuwa, India",F,441556.0
"Pilkhuwa, India",M,416644.0
"Pinjore, India",M,884267.0
"Pinjore, India",F,395366.0
"Pipar City, India",M,952188.0
"Pipar City, India",F,685418.0
"Pipariya, India",M,1077265.0
"Pipariya, India",F,163947.0
"Pithampur, India",F,429936.0
"Pithapuram, India",F,1078563.0
"Pithapuram, India",M,387680.0
"Pithoragarh, India",M,635682.0
"Pithoragarh, India",F,593949.0
"Pollachi, India",F,472843.0
"Pollachi, India",M,456889.0
"Pondicherry, India",F,323586.0
"Ponnani, India",M,594813.0
"Ponnani, India",F,223130.0
"Ponnur, India",M,768062.0
"Ponnur, India",F,186073.0
"Porbandar, India",M,776545.0
"Porbandar, India",F,499480.0
"Porsa, India",F,873152.0
"Porsa, India",M,368717.0
"Port Blair, India",M,668031.0
"Port Blair, India",F,443338.0
"Pratapgarh, India",M,1317974.0
"Pratapgarh, India",F,512431.0
"Proddatur, India",F,529896.0
"Proddatur, India",M,345844.0
"Pudukkottai, India",F,797676.0
"Pudukkottai, India",M,785461.0
"Pulgaon, India",F,640863.0
"Pulgaon, India",M,250807.0
"Puliyankudi, India",F,1114782.0
"Puliyankudi, India",M,942307.0
"Punalur, India",M,469119.0
"Punalur, India",F,392803.0
"Punch, India",F,584728.0
"Punch, India",M,63934.0
"Pune, India",M,54786609.0
"Pune, India",F,54527321.0
"Punganur, India",F,185819.0
"Punganur, India",M,123296.0
"Puranpur, India",M,639587.0
"Puranpur, India",F,556934.0
"Puri, India",M,262259.0
"Puri, India",F,107592.0
"Purna, India",M,368512.0
"Purna, India",F,332025.0
"Purnia, India",F,583744.0
"Purnia, India",M,436086.0
"Purulia, India",F,807776.0
"Purulia, India",M,307656.0
"Pusad, India",M,482584.0
"Pusad, India",F,416286.0
"Puttur, India",M,1024702.0
"Puttur, India",F,771575.0
"Raayachuru, India",F,687975.0
"Raayachuru, India",M,463027.0
"Rabkavi Banhatti, India",M,844354.0
"Rabkavi Banhatti, India",F,564849.0
"Radhanpur, India",F,690338.0
"Radhanpur, India",M,664204.0
"Rae Bareli, India",F,537944.0
"Rae Bareli, India",M,508279.0
"Raghogarh-Vijaypur, India",F,1012634.0
"Raghogarh-Vijaypur, India",M,15619.0
"Raghunathganj, India",F,177517.0
"Raghunathganj, India",M,102741.0
"Rahuri, India",F,377709.0
"Rahuri, India",M,155803.0
"Raiganj, India",F,257216.0
"Raiganj, India",M,190711.0
"Raigarh, India",F,1129769.0
"Raigarh, India",M,698970.0
"Raipur, India",M,713194.0
"Raipur, India",F,182502.0
"Raisen, India",F,1266979.0
"Raisen, India",M,590223.0
"Raisinghnagar, India",M,462102.0
"Rajagangapur, India",F,771747.0
"Rajagangapur, India",M,548377.0
"Rajahmundry, India",M,931986.0
"Rajahmundry, India",F,187527.0
"Rajakhera, India",M,532676.0
"Rajakhera, India",F,39010.0
"Rajampet, India",M,930260.0
"Rajampet, India",F,555600.0
"Rajapalayam, India",M,633125.0
"Rajapalayam, India",F,491470.0
"Rajgarh (Churu), India",M,880296.0
"Rajgarh (Churu), India",F,139622.0
"Rajgir, India",M,383059.0
"Rajgir, India",F,129658.0
"Rajkot, India",F,554159.0
"Rajkot, India",M,423973.0
"Rajnandgaon, India",F,180593.0
"Rajnandgaon, India",M,168089.0
"Rajpipla, India",M,527850.0
"Rajpipla, India",F,189449.0
"Rajpura, India",F,405253.0
"Rajpura, India",M,97925.0
"Rajsamand, India",F,1209612.0
"Rajsamand, India",M,607678.0
"Rajula, India",F,1075957.0
"Rajula, India",M,290666.0
"Ramachandrapuram, India",M,1036899.0
"Ramagundam, India",M,168181.0
"Ramagundam, India",F,154181.0
"Ramanagaram, India",F,402345.0
"Ramanagaram, India",M,392459.0
"Ramanathapuram, India",M,278503.0
"Ramanathapuram, India",F,252785.0
"Ramdurg, India",M,811293.0
"Ramdurg, India",F,707688.0
"Rameshwaram, India",M,220402.0
"Rameshwaram, India",F,144978.0
"Ramganj Mandi, India",M,835067.0
"Ramganj Mandi, India",F,679827.0
"Ramgarh, India",F,186581.0
"Ramgarh, India",M,139266.0
"Ramnagar, India",F,1558936.0
"Ramnagar, India",M,889683.0
"Ramngarh, India",M,620324.0
"Ramngarh, India",F,464403.0
"Rampur, India",F,677444.0
"Rampur, India",M,516435.0
"Rampura Phul, India",F,210269.0
"Rampura Phul, India",M,129403.0
"Rampurhat, India",F,1424390.0
"Rampurhat, India",M,156542.0
"Ranaghat, India",F,1098211.0
"Ranaghat, India",M,457017.0
"Ranavav, India",F,737821.0
"Ranavav, India",M,507348.0
"Ranchi, India",M,447916.0
"Ranchi, India",F,171586.0
"Ranebennuru, India",M,194570.0
"Ranebennuru, India",F,48178.0
"Ranibennur, India",F,591296.0
"Ranipet, India",M,454896.0
"Rasipuram, India",F,237502.0
"Rasipuram, India",M,161391.0
"Rasra, India",M,271562.0
"Rasra, India",F,171922.0
"Ratangarh, India",M,822533.0
"Ratangarh, India",F,216887.0
"Rath, India",M,647793.0
"Rath, India",F,594732.0
"Ratlam, India",F,93278.0
"Ratlam, India",M,54909.0
"Ratnagiri, India",F,481975.0
"Ratnagiri, India",M,154033.0
"Raurkela, India",F,710336.0
"Raurkela, India",M,330804.0
"Raver, India",F,440240.0
"Raver, India",M,322832.0
"Rawatbhata, India",M,528422.0
"Rawatbhata, India",F,387257.0
"Rawatsar, India",M,254708.0
"Rawatsar, India",F,190683.0
"Raxaul Bazar, India",F,604555.0
"Rayachoti, India",M,436682.0
"Rayachoti, India",F,83818.0
"Rayadurg, India",M,399027.0
"Rayadurg, India",F,279091.0
"Rayagada, India",F,113126.0
"Renukoot, India",M,1068436.0
"Renukoot, India",F,520573.0
"Repalle, India",F,385899.0
"Revelganj, India",M,1061933.0
"Revelganj, India",F,267723.0
"Rewa, India",F,786321.0
"Rewa, India",M,468111.0
"Rewari, India",F,1266009.0
"Rishikesh, India",M,820122.0
"Rishikesh, India",F,335575.0
"Risod, India",F,858565.0
"Risod, India",M,294128.0
"Robertsganj, India",M,1281780.0
"Robertsganj, India",F,289760.0
"Robertson Pet, India",F,224956.0
"Robertson Pet, India",M,193630.0
"Rohtak, India",M,588338.0
"Rohtak, India",F,310440.0
"Roorkee, India",F,512464.0
"Roorkee, India",M,177835.0
"Rosera, India",M,444662.0
"Rosera, India",F,438999.0
"Rudauli, India",M,937770.0
"Rudrapur, India",F,1295892.0
"Rudrapur, India",M,278253.0
"Rupnagar, India",M,417175.0
"Rupnagar, India",F,111273.0
"Sabalgarh, India",F,186815.0
"Sabalgarh, India",M,104886.0
"Sadabad, India",F,833467.0
"Sadabad, India",M,457190.0
"Sadasivpet, India",M,716729.0
"Sadasivpet, India",F,258961.0
"Sadulpur, India",M,441250.0
"Safidon, India",M,234455.0
"Safidon, India",F,26411.0
"Sagar, India",F,936966.0
"Sagar, India",M,686695.0
"Sagara, India",M,350366.0
"Sagwara, India",F,589621.0
"Sagwara, India",M,117562.0
"Saharanpur, India",F,250909.0
"Saharanpur, India",M,148674.0
"Saharsa, India",F,804793.0
"Saharsa, India",M,211959.0
"Sahaswan, India",F,966462.0
"Sahaswan, India",M,553234.0
"Sahibganj, India",M,723118.0
"Sahibganj, India",F,6098.0
"Sailu, India",M,985499.0
"Sailu, India",F,790776.0
"Sainthia, India",F,650713.0
"Sainthia, India",M,560108.0
"Salaya, India",F,192194.0
"Salaya, India",M,68123.0
"Salem, India",M,637018.0
"Salem, India",F,80130.0
"Salur, India",F,636922.0
"Samalkot, India",M,161502.0
"Samalkot, India",F,154403.0
"Samana, India",M,499675.0
"Samana, India",F,278199.0
"Samastipur, India",F,427606.0
"Samastipur, India",M,314263.0
"Sambalpur, India",F,530696.0
"Sambalpur, India",M,401444.0
"Sambhal, India",F,903979.0
"Sambhal, India",M,222470.0
"Sanand, India",F,891860.0
"Sanand, India",M,619647.0
"Sanawad, India",F,664054.0
"Sanawad, India",M,124719.0
"Sandila, India",F,447480.0
"Sanduru, India",F,434685.0
"Sanduru, India",M,341571.0
"Sangamner, India",M,1067898.0
"Sangamner, India",F,247680.0
"Sangareddy, India",M,269349.0
"Sangareddy, India",F,153027.0
"Sangaria, India",F,373547.0
"Sangaria, India",M,205523.0
"Sangli, India",M,398791.0
"Sangli, India",F,276614.0
"Sangole, India",F,295254.0
"Sangole, India",M,125933.0
"Sangrur, India",M,973162.0
"Sankarankoil, India",F,820085.0
"Sankarankoil, India",M,493293.0
"Sankari, India",F,1678670.0
"Sankari, India",M,106690.0
"Sankeshwara, India",F,1516276.0
"Sankeshwara, India",M,270775.0
"Santipur, India",M,858066.0
"Santipur, India",F,61761.0
"Sarangpur, India",M,805641.0
"Sarangpur, India",F,483360.0
"Sardarshahar, India",M,623375.0
"Sardarshahar, India",F,42155.0
"Sardhana, India",M,1241710.0
"Sardhana, India",F,421678.0
"Sarni, India",M,169427.0
"Sarni, India",F,37882.0
"Sasaram, India",M,564411.0
"Sasaram, India",F,296282.0
"Sasvad, India",F,528779.0
"Satana, India",M,505479.0
"Satana, India",F,473304.0
"Satara, India",M,654318.0
"Satara, India",F,141083.0
"Sathyamangalam, India",M,383896.0
"Sathyamangalam, India",F,79715.0
"Satna, India",F,177509.0
"Satna, India",M,125302.0
"Sattenapalle, India",F,523202.0
"Sattenapalle, India",M,156229.0
"Sattur, India",M,574652.0
"Sattur, India",F,551481.0
"Saunda, India",M,1365315.0
"Saunda, India",F,496376.0
"Saundatti-Yellamma, India",M,381014.0
"Saundatti-Yellamma, India",F,178816.0
"Savanur, India",M,280744.0
"Savanur, India",F,176795.0
"Savarkundla, India",F,258108.0
"Savarkundla, India",M,234962.0
"Savner, India",F,518075.0
"Savner, India",M,472775.0
"Sawai Madhopur, India",F,607614.0
"Sawai Madhopur, India",M,271577.0
"Sedam, India",F,681309.0
"Sedam, India",M,326333.0
"Sehore, India",M,1203726.0
"Sehore, India",F,232302.0
"Sendhwa, India",M,944754.0
"Sendhwa, India",F,135406.0
"Seohara, India",M,461623.0
"Seohara, India",F,258823.0
"Seoni, India",M,569605.0
"Seoni, India",F,415529.0
"Seoni-Malwa, India",M,724171.0
"Seoni-Malwa, India",F,135134.0
"Shahabad Hardoi, India",M,655499.0
"Shahabad Hardoi, India",F,219058.0
"Shahabad Rampur, India",M,290052.0
"Shahabad Rampur, India",F,168337.0
"Shahabad, India",F,596665.0
"Shahabad, India",M,407680.0
"Shahade, India",M,995423.0
"Shahade, India",F,453352.0
"Shahbad, India",M,695479.0
"Shahbad, India",F,399957.0
"Shahdol, India",M,990578.0
"Shahdol, India",F,931986.0
"Shahjahanpur, India",F,852977.0
"Shahjahanpur, India",M,359748.0
"Shahpur, India",M,287863.0
"Shahpur, India",F,100911.0
"Shahpura, India",M,1024427.0
"Shahpura, India",F,131557.0
"Shajapur, India",M,981343.0
"Shajapur, India",F,66411.0
"Shamli, India",M,210334.0
"Shamli, India",F,114596.0
"Shamsabad Agra, India",F,251106.0
"Shamsabad Agra, India",M,148554.0
"Shegaon, India",M,754930.0
"Shegaon, India",F,669448.0
"Sheikhpura, India",M,521390.0
"Sheikhpura, India",F,495297.0
"Shenkottai, India",F,694471.0
"Shenkottai, India",M,500980.0
"Sheopur, India",M,503017.0
"Sheopur, India",F,397288.0
"Sherghati, India",F,232626.0
"Sherkot, India",M,766692.0
"Sherkot, India",F,325649.0
"Shikaripur, India",F,534150.0
"Shikaripur, India",M,358509.0
"Shikarpur Bulandshahr, India",M,451196.0
"Shikarpur Bulandshahr, India",F,266800.0
"Shikohabad, India",M,1461122.0
"Shikohabad, India",F,471269.0
"Shillong, India",M,329615.0
"Shillong, India",F,145566.0
"Shimla, India",M,686363.0
"Shimla, India",F,148089.0
"Shirdi, India",M,905429.0
"Shirdi, India",F,503342.0
"Shirpur-Warwade, India",M,298572.0
"Shirpur-Warwade, India",F,73929.0
"Shirur, India",M,492421.0
"Shirur, India",F,439086.0
"Shivamogga, India",F,715940.0
"Shivamogga, India",M,210207.0
"Shivpuri, India",F,532590.0
"Shivpuri, India",M,293690.0
"Sholingur, India",F,820954.0
"Sholingur, India",M,414011.0
"Shoranur, India",F,484558.0
"Shoranur, India",M,230700.0
"Shrigonda, India",M,794529.0
"Shrigonda, India",F,364310.0
"Shrirampur, India",M,334629.0
"Shrirampur, India",F,246098.0
"Shujalpur, India",M,425374.0
"Shujalpur, India",F,200510.0
"Siana, India",F,795268.0
"Siana, India",M,20953.0
"Sibsagar, India",F,1211390.0
"Sibsagar, India",M,348360.0
"Siddipet, India",F,512840.0
"Siddipet, India",M,498676.0
"Sidhi, India",F,1227913.0
"Sidhi, India",M,247062.0
"Sidhpur, India",F,1266518.0
"Sidhpur, India",M,322510.0
"Sidlaghatta, India",M,585919.0
"Sidlaghatta, India",F,83344.0
"Sihor, India",F,471281.0
"Sihor, India",M,351770.0
"Sihora, India",F,738531.0
"Sihora, India",M,280426.0
"Sikandra Rao, India",M,430720.0
"Sikandra Rao, India",F,423138.0
"Sikandrabad, India",F,419431.0
"Sikandrabad, India",M,377246.0
"Sikar, India",F,174706.0
"Sikar, India",M,57059.0
"Silchar, India",M,702191.0
"Silchar, India",F,437437.0
"Siliguri, India",F,448501.0
"Siliguri, India",M,408401.0
"Sillod, India",F,1236814.0
"Sillod, India",M,321371.0
"Simdega, India",F,485628.0
"Simdega, India",M,231971.0
"Sindhagi, India",F,656479.0
"Sindhagi, India",M,262252.0
"Sindhnur, India",F,661470.0
"Sindhnur, India",M,70614.0
"Singrauli, India",F,737580.0
"Singrauli, India",M,526482.0
"Sinnar, India",M,1368336.0
"Sinnar, India",F,284960.0
"Sira, India",F,483124.0
"Sira, India",M,295644.0
"Sircilla, India",M,708637.0
"Sircilla, India",F,373825.0
"Sirhind Fatehgarh Sahib, India",F,1013738.0
"Sirhind Fatehgarh Sahib, India",M,425766.0
"Sirkali, India",F,290976.0
"Sirkali, India",M,238633.0
"Sirohi, India",F,369569.0
"Sirohi, India",M,99637.0
"Sironj, India",M,919483.0
"Sirsa, India",F,766293.0
"Sirsa, India",M,656876.0
"Sirsaganj, India",M,343726.0
"Sirsaganj, India",F,153680.0
"Sirsi, India",M,609393.0
"Siruguppa, India",M,607920.0
"Siruguppa, India",F,243660.0
"Sitamarhi, India",F,1386891.0
"Sitamarhi, India",M,280118.0
"Sitapur, India",F,878413.0
"Sitapur, India",M,552515.0
"Sivaganga, India",F,295685.0
"Sivakasi, India",F,838673.0
"Sivakasi, India",M,619011.0
"Siwan, India",M,896495.0
"Siwan, India",F,233556.0
"Sohna, India",F,696288.0
"Sojat, India",M,644180.0
"Sojat, India",F,494367.0
"Solan, India",M,510747.0
"Solan, India",F,279994.0
"Solapur, India",M,70714.0
"Solapur, India",F,59018.0
"Sonamukhi, India",F,421734.0
"Sonepur, India",M,715492.0
"Sonepur, India",F,275517.0
"Sonipat, India",M,1252686.0
"Sonipat, India",F,39393.0
"Sopore, India",F,526141.0
"Sopore, India",M,139132.0
"Soro, India",F,967072.0
"Soro, India",M,118917.0
"Soron, India",M,728540.0
"Soron, India",F,449451.0
"Sri Madhopur, India",F,477408.0
"Sri Madhopur, India",M,110246.0
"Srikakulam, India",F,288407.0
"Srikakulam, India",M,161884.0
"Srikalahasti, India",M,512633.0
"Srinagar, India",M,845491.0
"Srinagar, India",F,567055.0
"Srivilliputhur, India",M,1033232.0
"Srivilliputhur, India",F,750819.0
"Suar, India",F,646948.0
"Suar, India",M,214205.0
"Sugauli, India",F,430879.0
"Sugauli, India",M,135585.0
"Sujangarh, India",F,781197.0
"Sujangarh, India",M,671246.0
"Sullurpeta, India",F,293798.0
"Sultanganj, India",F,831886.0
"Sultanganj, India",M,546751.0
"Sultanpur, India",M,361768.0
"Sultanpur, India",F,9395.0
"Sumerpur, India",F,652161.0
"Sumerpur, India",M,436109.0
"Sunabeda, India",F,1235242.0
"Sunabeda, India",M,960936.0
"Sunam, India",F,553001.0
"Sunam, India",M,223685.0
"Sundargarh, India",M,467308.0
"Sundargarh, India",F,212515.0
"Supaul, India",M,594416.0
"Supaul, India",F,258622.0
"Surandai, India",F,772932.0
"Surandai, India",M,140408.0
"Surapura, India",F,215752.0
"Surapura, India",M,95090.0
"Surat, India",F,58461359.0
"Surat, India",M,56024792.0
"Suratgarh, India",F,449084.0
"Suratgarh, India",M,40787.0
"Suri, India",M,372297.0
"Suryapet, India",M,512065.0
"Suryapet, India",F,343584.0
"Tadepalligudem, India",F,383015.0
"Tadpatri, India",M,1043632.0
"Tadpatri, India",F,462468.0
"Taki, India",M,256306.0
"Talaja, India",F,781082.0
"Talaja, India",M,396976.0
"Talcher, India",F,983411.0
"Talcher, India",M,253433.0
"Talegaon Dabhade, India",M,768082.0
"Talegaon Dabhade, India",F,252343.0
"Talikota, India",F,915776.0
"Talikota, India",M,167864.0
"Taliparamba, India",M,623015.0
"Taliparamba, India",F,414880.0
"Talode, India",F,495960.0
"Talode, India",M,381301.0
"Tamluk, India",M,604249.0
"Tamluk, India",F,6726.0
"Tanda, India",F,503121.0
"Tanda, India",M,445206.0
"Tandur, India",M,744515.0
"Tandur, India",F,709354.0
"Tanuku, India",F,790622.0
"Tanuku, India",M,514602.0
"Tarakeswar, India",F,291571.0
"Tarakeswar, India",M,87090.0
"Taranagar, India",M,764219.0
"Taranagar, India",F,336928.0
"Tarikere, India",M,352165.0
"Tarikere, India",F,71396.0
"Tarn Taran, India",M,761591.0
"Tarn Taran, India",F,113868.0
"Tasgaon, India",M,910037.0
"Tasgaon, India",F,441885.0
"Tekkalakote, India",M,509696.0
"Tekkalakote, India",F,96254.0
"Tenali, India",F,522370.0
"Tenali, India",M,464018.0
"Tenkasi, India",F,493393.0
"Tenkasi, India",M,300679.0
"Terdal, India",F,498901.0
"Tezpur, India",F,438873.0
"Tezpur, India",M,429680.0
"Thakurdwara, India",F,681551.0
"Thakurdwara, India",M,289511.0
"Thana Bhawan, India",F,601503.0
"Thana Bhawan, India",M,490757.0
"Thane, India",F,380065.0
"Thane, India",M,255669.0
"Thanesar, India",M,336483.0
"Thangadh, India",F,469893.0
"Thangadh, India",M,362422.0
"Thanjavur, India",F,665126.0
"Thanjavur, India",M,362023.0
"Tharad, India",M,1010144.0
"Tharad, India",F,670809.0
"Tharamangalam, India",F,671613.0
"Tharamangalam, India",M,394881.0
"Theni Allinagaram, India",F,442982.0
"Theni Allinagaram, India",M,413916.0
"Thirumangalam, India",F,558172.0
"Thirumangalam, India",M,510500.0
"Thiruvalla, India",M,83524.0
"Thiruvallur, India",M,503993.0
"Thiruvallur, India",F,160052.0
"Thiruvananthapuram, India",F,756438.0
"Thiruvananthapuram, India",M,443232.0
"Thiruvarur, India",M,1114328.0
"Thiruvarur, India",F,835280.0
"Thodupuzha, India",M,296684.0
"Thoubal, India",M,574856.0
"Thoubal, India",F,435973.0
"Thrissur, India",F,652043.0
"Thrissur, India",M,473663.0
"Thuraiyur, India",F,782910.0
"Thuraiyur, India",M,65349.0
"Tikamgarh, India",M,610341.0
"Tikamgarh, India",F,311973.0
"Tilda Newra, India",F,1105610.0
"Tilda Newra, India",M,321968.0
"Tilhar, India",M,790854.0
"Tilhar, India",F,406243.0
"Tindivanam, India",F,343326.0
"Tindivanam, India",M,219317.0
"Tinsukia, India",F,359788.0
"Tinsukia, India",M,260229.0
"Tiptur, India",M,874387.0
"Tiptur, India",F,293004.0
"Tiruchendur, India",F,1298744.0
"Tiruchendur, India",M,145363.0
"Tiruchengode, India",M,485149.0
"Tiruchengode, India",F,440269.0
"Tiruchirappalli, India",F,452079.0
"Tiruchirappalli, India",M,307991.0
"Tirukalukundram, India",M,696560.0
"Tirukalukundram, India",F,522022.0
"Tirukkoyilur, India",M,426756.0
"Tirukkoyilur, India",F,415303.0
"Tirunelveli, India",M,649424.0
"Tirunelveli, India",F,89695.0
"Tirupathur, India",M,147028.0
"Tirupati, India",M,191754.0
"Tirupati, India",F,188037.0
"Tiruppur, India",M,518003.0
"Tiruppur, India",F,448068.0
"Tirur, India",M,26094.0
"Tiruttani, India",F,418508.0
"Tiruttani, India",M,18273.0
"Tiruvannamalai, India",F,642486.0
"Tiruvannamalai, India",M,316366.0
"Tiruvethipuram, India",M,304735.0
"Tiruvethipuram, India",F,97290.0
"Tiruvuru, India",M,751853.0
"Tiruvuru, India",F,550987.0
"Titlagarh, India",M,616277.0
"Titlagarh, India",F,4675.0
"Tohana, India",M,614362.0
"Tohana, India",F,417384.0
"Tonk, India",F,211514.0
"Tonk, India",M,42580.0
"Tuensang, India",M,131148.0
"Tuensang, India",F,46694.0
"Tuljapur, India",M,1111098.0
"Tuljapur, India",F,310175.0
"Tumkur, India",M,1817072.0
"Tumsar, India",F,708004.0
"Tumsar, India",M,436941.0
"Tundla, India",F,337118.0
"Tundla, India",M,193894.0
"Tuni, India",F,460682.0
"Tuni, India",M,131409.0
"Tura, India",F,475066.0
"Tura, India",M,297858.0
"Uchgaon, India",M,350102.0
"Uchgaon, India",F,253638.0
"Udaipur, India",M,1258012.0
"Udaipur, India",F,1240182.0
"Udaipurwati, India",M,1540794.0
"Udaipurwati, India",F,544509.0
"Udgir, India",F,1254502.0
"Udgir, India",M,825680.0
"Udhagamandalam, India",M,772116.0
"Udhagamandalam, India",F,263668.0
"Udhampur, India",F,629832.0
"Udhampur, India",M,425790.0
"Udumalaipettai, India",F,579211.0
"Udumalaipettai, India",M,501698.0
"Udupi, India",M,457478.0
"Udupi, India",F,423663.0
"Ujhani, India",M,585647.0
"Ujhani, India",F,188360.0
"Ujjain, India",M,1456471.0
"Ujjain, India",F,215177.0
"Umarga, India",F,772130.0
"Umarga, India",M,213921.0
"Umaria, India",F,212006.0
"Umaria, India",M,171970.0
"Umarkhed, India",M,455552.0
"Umarkhed, India",F,285932.0
"Umbergaon, India",F,388205.0
"Umbergaon, India",M,104217.0
"Umred, India",F,489406.0
"Umred, India",M,295112.0
"Umreth, India",M,302621.0
"Umreth, India",F,125898.0
"Una, India",M,441798.0
"Una, India",F,245914.0
"Unjha, India",M,264940.0
"Unnao, India",M,302294.0
"Unnao, India",F,251590.0
"Upleta, India",M,518454.0
"Upleta, India",F,514844.0
"Uran Islampur, India",M,181513.0
"Uran Islampur, India",F,27557.0
"Uran, India",M,305666.0
"Uran, India",F,281699.0
"Uravakonda, India",M,768032.0
"Uravakonda, India",F,4131.0
"Usilampatti, India",F,450775.0
"Usilampatti, India",M,229964.0
"Uthamapalayam, India",F,246291.0
"Uthamapalayam, India",M,179045.0
"Utraula, India",M,464788.0
"Utraula, India",F,220911.0
"Vadakkuvalliyur, India",F,539008.0
"Vadakkuvalliyur, India",M,145915.0
"Vadalur, India",F,999651.0
"Vadalur, India",M,231814.0
"Vadipatti, India",M,239109.0
"Vadipatti, India",F,61200.0
"Vadnagar, India",F,448692.0
"Vadnagar, India",M,115439.0
"Vadodara, India",F,404815.0
"Vadodara, India",M,337100.0
"Vaijapur, India",M,370745.0
"Vaijapur, India",F,260211.0
"Valparai, India",F,752068.0
"Valparai, India",M,400615.0
"Valsad, India",M,411084.0
"Valsad, India",F,104820.0
"Vandavasi, India",M,188944.0
"Vandavasi, India",F,104379.0
"Vaniyambadi, India",F,297907.0
"Vaniyambadi, India",M,175194.0
"Vapi, India",F,789464.0
"Vapi, India",M,324325.0
"Varanasi, India",M,125313.0
"Varkala, India",F,447916.0
"Varkala, India",M,359523.0
"Vasai-Virar, India",F,828308.0
"Vasai-Virar, India",M,182899.0
"Vatakara, India",F,682304.0
"Vatakara, India",M,420566.0
"Vedaranyam, India",M,1044231.0
"Vedaranyam, India",F,94406.0
"Vellakoil, India",M,975574.0
"Vellakoil, India",F,32782.0
"Vellore, India",M,256179.0
"Venkatagiri, India",F,233985.0
"Venkatagiri, India",M,35099.0
"Veraval, India",F,246388.0
"Veraval, India",M,49402.0
"Vidisha, India",M,284698.0
"Vidisha, India",F,240061.0
"Vijainagar Ajmer, India",M,414856.0
"Vijainagar Ajmer, India",F,123476.0
"Vijayapura, India",F,1499978.0
"Vijayapura, India",M,945579.0
"Vijayawada, India",F,168828.0
"Vijayawada, India",M,114593.0
"Vikarabad, India",F,624646.0
"Vikramasingapuram, India",M,523820.0
"Vikramasingapuram, India",F,315066.0
"Viluppuram, India",F,575712.0
"Vinukonda, India",F,426406.0
"Viramgam, India",F,1049626.0
"Viramgam, India",M,919982.0
"Virudhachalam, India",F,303756.0
"Virudhachalam, India",M,260676.0
"Virudhunagar, India",F,493244.0
"Visakhapatnam, India",M,704898.0
"Visakhapatnam, India",F,694982.0
"Visnagar, India",M,704537.0
"Visnagar, India",F,224448.0
"Vita, India",M,266392.0
"Vita, India",F,10256.0
"Vizianagaram, India",M,394736.0
"Vizianagaram, India",F,217716.0
"Vrindavan, India",F,512969.0
"Vrindavan, India",M,352621.0
"Vyara, India",F,844490.0
"Vyara, India",M,579041.0
"Wadgaon Road, India",M,771407.0
"Wadgaon Road, India",F,426467.0
"Wadhwan, India",M,194091.0
"Wadhwan, India",F,134683.0
"Wadi, India",M,505780.0
"Wadi, India",F,410918.0
"Wai, India",F,451355.0
"Wanaparthy, India",M,125606.0
"Wani, India",F,287388.0
"Wani, India",M,252588.0
"Wankaner, India",F,248859.0
"Wankaner, India",M,235458.0
"Warangal, India",M,683345.0
"Wardha, India",F,420840.0
"Wardha, India",M,121241.0
"Warisaliganj, India",M,468504.0
"Warora, India",F,486668.0
"Warora, India",M,473693.0
"Washim, India",F,892923.0
"Washim, India",M,380216.0
"Wokha, India",M,297819.0
"Wokha, India",F,161466.0
"Yadgir, India",F,455645.0
"Yadgir, India",M,293798.0
"Yamunanagar, India",F,791785.0
"Yamunanagar, India",M,288748.0
"Yanam, India",M,863455.0
"Yanam, India",F,621020.0
"Yavatmal, India",M,883275.0
"Yavatmal, India",F,317265.0
"Yawal, India",M,447939.0
"Yellandu, India",F,751850.0
"Yellandu, India",M,648018.0
"Yemmiganur, India",M,231404.0
"Yemmiganur, India",F,135549.0
"Yerraguntla, India",M,464458.0
"Yerraguntla, India",F,263591.0
"Yevla, India",F,297976.0
"Yevla, India",M,97130.0
"Zaidpur, India",M,544965.0
"Zaidpur, India",F,178853.0
"Zamania, India",M,775316.0
"Zamania, India",F,90318.0
"Zira, India",M,1249659.0
"Zira, India",F,390888.0
"Zirakpur, India",F,289172.0
"Zirakpur, India",M,260491.0
"Zunheboto, India",M,387838.0
"Zunheboto, India",F,78591.0
